cluster,predicted_blind_spot_violations_next24h,top_station,top_junction,top_vehicle,sample_address,n_violations
2,193.4279,Upparpet,BTP082 - KR Market Junction,SCOOTER,"Kalidasa Road, Gandhinagar, Nehru Nagar, Bengaluru Central City Corporation, Bengaluru, Bangalore North, Bengaluru Urban, Karnataka, 560009, India",56214
7,58.688633,K.R. Pura,No Junction,SCOOTER,"MBT Road, Devasandra Junction, KR Puram, Bengaluru, Karnataka. Pin-560036 (India)",4153
3,47.839783,Shivajinagar,BTP051 - Safina Plaza Junction,PASSENGER AUTO,"Dispensary Road, Tasker Town, Shivaji Nagar, Bengaluru, Karnataka. Pin-560001 (India)",25122
32,10.827257,Malleshwaram,No Junction,CAR,"80 Feet Ring Road, Orion, Brigade Gateway, Malleshwaram West, Bengaluru, Karnataka. Pin-560055 (India)",10246
22,10.55415,Mahadevapura,No Junction,PASSENGER AUTO,"Outer Ring Road, Dargah Mohalla, Mahadevapura, Bengaluru, Karnataka. Pin-560016 (India)",2085
5,9.556529,Malleshwaram,BTP027 - Modi Bridge Junction,SCOOTER,"Padmabhushan Dr MC Modi Road, Adarsha Layout, Basaveshwara Nagar, Bengaluru, Karnataka. Pin-560079 (India)",9769
58,9.221918,Kodigehalli,No Junction,SCOOTER,"Sahakar Nagar Road, Fortuna Acacia, Byatarayanapura, Bengaluru, Karnataka. Pin-560092 (India)",5409
43,8.804053,Malleshwaram,No Junction,CAR,"Sri Venkataranga Ayangar Road, RR Palace, Malleshwaram, Bengaluru, Karnataka. Pin-560003 (India)",4248
65,7.000626,Vijayanagara,BTP020 - Hosahalli Metro Station,SCOOTER,"Chord Road, Manuvana, Vijaya Nagar, Bengaluru, Karnataka. Pin-560040 (India)",8396
93,6.4941826,Basavanagudi,BTP108 - Tagore Park Junction,SCOOTER,"Sri DV Gundappa Road, Shopper Junction, Basavanagudi, Bengaluru, Karnataka. Pin-560004 (India)",2214
55,6.4277625,Kodigehalli,No Junction,MOTOR CYCLE,"Bhadrappa Flyover, Nagashetty Halli, RMV Stage 2, Bengaluru, Karnataka. Pin-560094 (India)",973
23,5.189359,Chikkajala,No Junction,CAR,"Unnamed Road, Begur Chikkanahalli, Bengaluru, Karnataka. Pin-562149 (India)",4752
40,5.1528964,Rajajinagar,"BTP011 - RR Kalyana Mantapa, Dr. Rajkumar Road",CAR,"17th Main Road, Block 2, Rajaji Nagar, Bengaluru, Karnataka. Pin-560010 (India)",2009
132,4.9834137,Yeshwanthpura,No Junction,CAR,"4th Main Road, Ramana Joythi Apartment, Yeshwanthpur Suburb Stage 2, Yeshwanthpur, Bengaluru, Karnataka. Pin-560022 (India)",612
36,4.970823,City Market,BTP104 - Medical College Circle,SCOOTER,"Kalasipalyam Main Road, Mothinagar, Kalasipalyam, Bengaluru, Karnataka. Pin-560002 (India)",2469
10,4.92597,HAL Old Airport,No Junction,SCOOTER,"Outer Ring Road, Prestige Silver Crest, Kadubisanahalli, Bengaluru, Karnataka. Pin-560103 (India)",10157
33,4.6909304,Malleshwaram,No Junction,CAR,"Sri Venkataranga Ayangar Road, Ranganathapura, Malleshwaram, Bengaluru, Karnataka. Pin-560003 (India)",3929
21,4.5779104,Bellandur,No Junction,MAXI-CAB,"Outer Ring Road, Bellandur, Bengaluru, Karnataka. Pin-560103 (India)",2006
186,4.5088563,Jayanagara,"BTP189 - New Diagonal Road, Jayanagar",SCOOTER,"Sri Vinayaka Temple Road, Shri Vinayaka Circle, Jayanagar, Bengaluru, Karnataka. Pin-560011 (India)",1024
83,4.5088563,Sadashivanagar,No Junction,CAR,"80 Feet Road, MET Layout, RMV Stage 2, Bengaluru, Karnataka. Pin-560094 (India)",1220
25,4.5088563,Halasur,No Junction,CAR,"Mahatma Gandhi Road, WEBBS Circle Junction, Ashok Nagar, Bengaluru, Karnataka. Pin-560001 (India)",2662
16,4.2605486,Electronic City,No Junction,SCOOTER,"Neeladri Road, Ajmera Annex, Karuna Nagar, Doddathogur, Bengaluru, Karnataka. Pin-560100 (India)",1996
44,4.1294,Banashankari,BTP155 - Katriguppe Junction,SCOOTER,"Dr Vishwesha Teertha Swamy Gala Road, Kathriguppe Circle, Banashankari Stage 3, Bengaluru, Karnataka. Pin-560085 (India)",326
63,3.5860431,Mahadevapura,No Junction,MOTOR CYCLE,"Whitefield Road, Hoodi, Bengaluru East City Corporation, Bengaluru, Bangalore East, Bengaluru Urban, Karnataka, 560048, India",597
90,3.578214,Adugodi,BTP135 - UCO Bank Junction,SCOOTER,"Contours Women's Fitness Studio Kormangala, 126, 1st A Cross Road, A Adugodi, Bengaluru South City Corporation, Bengaluru, Bangalore South, Bengaluru Urban, Karnataka, 560095, India",1285
335,3.4548671,Madiwala,BTP137 - Madiwala Traffic PS Junction,SCOOTER,"Madiwala Market Street, FSL Quarters, Koramangala, Bengaluru, Karnataka. Pin-560034 (India)",80
121,3.3554873,Kodigehalli,No Junction,CAR,"Bellary Road, Vista Pixel, Jakkuru Layout, Jakkuru, Bengaluru, Karnataka. Pin-560064 (India)",658
27,3.3004622,Vijayanagara,"BTP016 - 5th Main Road, RPC Layout",SCOOTER,"20th Main Road, Ganga Government Quarters, MC Layout, Vijaya Nagar, Bengaluru, Karnataka. Pin-560040 (India)",4716
205,3.2543461,Wilson Garden,"BTP186 - 9th Cross, 4th Main, Jayanagar",SCOOTER,"9th Main Road, Block 2, Jayanagar East, Bengaluru, Karnataka. Pin-560011 (India)",411
266,3.2543461,Adugodi,No Junction,CAR,"Srinivagilu Main Road, ST Bed Layout Extension, Block 4, Koramangala, Bengaluru, Karnataka. Pin-560034 (India)",688
73,3.216023,Rajajinagar,BTP061 - Bhashyam Circle,CAR,"10th Main Road, Bescom Employees House Building Cooperative Society, Rajaji Nagar, Bengaluru, Karnataka. Pin-560010 (India)",1432
183,3.173842,Basavanagudi,No Junction,CAR,"5th Main Road, Dhondusa Layout, Basavanagudi, Bengaluru, Karnataka. Pin-560004 (India)",442
134,3.0880785,Shivajinagar,No Junction,CAR,"Queens Road, Nayak Circle, Shivaji Nagar, Bengaluru, Karnataka. Pin-560051 (India)",987
77,3.0880785,Mahadevapura,No Junction,PASSENGER AUTO,"MBT Road, Tin Factory Junction, Dooravani Nagar, Bengaluru, Karnataka. Pin-560016 (India)",1983
45,3.068766,Hebbala,No Junction,SCOOTER,"Bellary Road, Vinayaka Nagar, Hebbal, Bengaluru, Karnataka. Pin-560024 (India)",3303
39,3.068766,HAL Old Airport,No Junction,CAR,"8th Cross Road, Aishwarya Opulence, Marathahalli Village, Marathahalli, Bengaluru, Karnataka. Pin-560037 (India)",1913
47,2.9967785,HSR Layout,No Junction,CAR,"Hosur Road, Krimson Square, Muneshwara Nagar, HSR Layout, Bengaluru, Karnataka. Pin-560102 (India)",428
300,2.9396002,Hennuru,No Junction,CAR,"Doddagubbi Road, Chikka Aneppa Layout, Narayanpura, Kothnur Narayanapura, Bengaluru, Karnataka. Pin-560077 (India)",68
152,2.5575411,Cubbon Park,BTP047 - Vidhan Soudha Metro Station,CAR,"Dr Ambedkar Road, Shanthaveri Gopalagowda Circle, Gandhi Nagar, Bengaluru, Karnataka. Pin-560001 (India)",188
19,2.2505422,Mahadevapura,No Junction,PASSENGER AUTO,"Whitefield Road, VR Mall, Dyavasandra Industrial Estate Phase 2, Mahadevapura, Bengaluru, Karnataka. Pin-560048 (India)",1417
79,2.2505422,Magadi Road,No Junction,SCOOTER,"Hosahalli Main Road, Umar Farooq Nagar, Padarayanapura, Bengaluru, Karnataka. Pin-560018 (India)",816
60,2.1443577,R.T. Nagar,No Junction,CAR,"1st Main Road, Dena Bank Colony, Ganga Nagar, Bengaluru, Karnataka. Pin-560032 (India)",420
53,2.1443577,Banaswadi,No Junction,SCOOTER,"Kaggadaspura Main Road, Gopalan Grand Mall, Nagavara Palya, CV Raman Nagar, Bengaluru, Karnataka. Pin-560093 (India)",828
34,2.1443577,Jayanagara,"BTP226 - 33rd Cross, 11th Main, Jayanagar",CAR,"30th Cross Road, BMTC Transport Complex, Block 4, Jayanagar, Bengaluru, Karnataka. Pin-560011 (India)",1131
24,2.1443577,HAL Old Airport,No Junction,CAR,"HAL Airport Road, MS Reddy Nagar, Marathahalli, Bengaluru, Karnataka. Pin-560037 (India)",1809
101,2.0651524,Yelahanka,No Junction,SCOOTER,"Bellary Road, Raitarasanthe, Nehru Nagar, Bengaluru, Karnataka. Pin-560064 (India)",759
114,2.0247686,Sheshadripuram,No Junction,CAR,"J Lingaiah Road, Shree MG Seshadri Circle, Seshadripuram, Bengaluru, Karnataka. Pin-560020 (India)",975
66,2.0247686,Rajajinagar,No Junction,CAR,"Dr Rajkumar Puniya Bhoomi Road, Sri Annamma Devi Circle, Nandini Layout, Bengaluru, Karnataka. Pin-560096 (India)",617
72,1.9909085,Magadi Road,"BTP024 - NPS, Vijayanagar",CAR,"20th Main Road, Stage 1 Phase 6, Sri Mahaganapathi Nagar, Rajaji Nagar, Bengaluru, Karnataka. Pin-560010 (India)",557
268,1.9909085,Rajajinagar,"BTP204 - ESI Hospital, Rajajinagar",CAR,"40th Cross Road, ESI Hospital Junction, Rajaji Nagar, Bengaluru, Karnataka. Pin-560010 (India)",119
267,1.9909085,Basavanagudi,BTP184 - Lalbagh West Gate,SCOOTER,"RV Road, Lalbhagh West Gate Circle, Mavalli, Bengaluru, Karnataka. Pin-560004 (India)",173
265,1.9552885,Devanahalli Airport,No Junction,CAR,"Sulibele Road, Dr MD Nanjundaswamy Circle, Devanahalli, Karnataka. Pin-562110 (India)",69
1,1.9163285,Byatarayanapura,No Junction,SCOOTER,"6th Cross Road, Manasa Layout, Nagarbhavi, Bengaluru, Karnataka. Pin-560072 (India)",490
130,1.9163285,Hulimavu,No Junction,CAR,"2nd Cross Road, Industrial Layout, Begur, Bengaluru, Karnataka. Pin-560068 (India)",546
197,1.9163285,Basavanagudi,BTP216 - Yediyur Junction,CAR,"Old Kanakapura Road, IndiQube South Summit, Vijayarangam Layout, Jayanagar, Bengaluru, Karnataka. Pin-560004 (India)",186
20,1.9163285,Hulimavu,No Junction,CAR,"Electronics City Flyover, Ozone Manay Tech Park, Garvebhavi Palya, Bengaluru, Karnataka. Pin-560068 (India)",907
145,1.9163285,City Market,BTP167 - JC Road Junction,SCOOTER,"3rd Cross Road, NKP Layout, Journalist Colony, Bengaluru, Karnataka. Pin-560002 (India)",260
89,1.9163285,Magadi Road,BTP010 - Rajajinagar Entrance,SCOOTER,"80 Feet Ring Road, Sri SV Chenna Krishnaiah Circle, Rajaji Nagar, Bengaluru, Karnataka. Pin-560010 (India)",769
347,1.8631543,Pulikeshinagar(F.Town),No Junction,CAR,,73
160,1.8631543,Jeevanbheemanagar,No Junction,SCOOTER,"Pusa Thippasandra Main Road, Nada Prabhu Kempegowda Circle, New Thippasandra, Bengaluru, Karnataka. Pin-560075 (India)",1221
111,1.8631543,Shivajinagar,BTP042 - Minsk Square Junction (CTO),SCOOTER,"Infantry Road, Mantri Altiue Apartment, Shivaji Nagar, Bengaluru, Karnataka. Pin-560001 (India)",2143
98,1.8631543,Wilson Garden,BTP192 - Urvashi Theater,CAR,"Lalbagh Main Road, Javaraiah Circle, Wilson Garden, Bengaluru, Karnataka. Pin-560027 (India)",495
54,1.8631543,Thalagattapura,No Junction,SCOOTER,"Canara Bank Cross Road, Konanakunte Junction, Konanakunte, Bengaluru, Karnataka. Pin-560062 (India)",334
107,1.8631543,Pulikeshinagar(F.Town),No Junction,SCOOTER,"Achutarya Mudaliar Road, Puttanna Junction, Frazer Town, Bengaluru, Karnataka. Pin-560005 (India)",688
30,1.8631543,HSR Layout,No Junction,SCOOTER,"13th Main Road, The Metropolitan Cooperative Housing Society, Sector 4, HSR Layout, Bengaluru, Karnataka. Pin-560102 (India)",770
69,1.8631543,Vijayanagara,BTP208 - Havanur Circle,CAR,"80 Feet Road, Havanur Circle, Basaveshwara Nagar, Bengaluru, Karnataka. Pin-560079 (India)",814
187,1.8631543,Jayanagara,"BTP202 - East End Main Road, Jayanagar",CAR,"East End A Main Road, Dr BR Ambedkar Circle, Jayanagar, Bengaluru, Karnataka. Pin-560069 (India)",214
289,1.6753645,Basavanagudi,"BTP186 - 9th Cross, 4th Main, Jayanagar",CAR,"RV Road, Cauvery Circle, Jayanagar, Bengaluru, Karnataka. Pin-560004 (India)",85
104,1.6753645,Ashok Nagar,BTP172 - Nanjappa Circle,SCOOTER,"Cronwell Road, Langford Garden, Richmond Town, Bengaluru, Karnataka. Pin-560025 (India)",1280
61,1.6753645,Chamarajpet,BTP048 - Shanthala Junction,PASSENGER AUTO,"Railway Station Road, Majestic Circle, Majestic, Bengaluru, Karnataka. Pin-560023 (India)",1552
42,1.6753645,Wilson Garden,"BTP123 - 10th Cross, Wilson Garden",SCOOTER,"3rd Cross Road, Arepanahalli, Wilson Garden, Bengaluru, Karnataka. Pin-560027 (India)",280
12,1.6401201,Sheshadripuram,No Junction,SCOOTER,"4th Main Road, Nagappa Block, Srirampuram, Bengaluru, Karnataka. Pin-560021 (India)",546
146,1.5885336,Sadashivanagar,BTP030 - Mekhri Circle,CAR,"10th Main Road, Achaiah Chetty Layout, RMV Extension, Sadashiva Nagar, Bengaluru, Karnataka. Pin-560080 (India)",53
92,1.5885336,Rajajinagar,No Junction,CAR,"Laggere Main Road, Malleshwar Layout, Laggere, Bengaluru, Karnataka. Pin-560058 (India)",398
26,1.5885336,Cubbon Park,BTP063 - Siddalingaiah Circle,CAR,"Walton Road, Walton Road Circle, Shanthala Nagar, Bengaluru, Karnataka. Pin-560001 (India)",930
188,1.5885336,Whitefield,No Junction,SCOOTER,"Vibgyor High School Road, Samhita Rainbow MTB Apartment, Green Garden Layout, Munnekolala, Bengaluru, Karnataka. Pin-560037 (India)",390
9,1.5885336,Bellandur,No Junction,CAR,"Amrutha College Road, Azalea, Owners Court Layout, Kasavanahalli, Bengaluru, Karnataka. Pin-560035 (India)",598
246,1.5885336,Jeevanbheemanagar,No Junction,CAR,"7th Cross Road, Old Thippasandra, Indiranagar, Bengaluru, Karnataka. Pin-560008 (India)",1104
141,1.5885336,Ashok Nagar,No Junction,SCOOTER,,1292
155,1.4306997,Kodigehalli,No Junction,CAR,"Bellary Road, Esteem Mall, Hebbal Kempapura, Bengaluru, Karnataka. Pin-560024 (India)",474
100,1.4306997,Mico Layout,No Junction,SCOOTER,"Sadduguntepalya Road, Bharthi Layout, Sadduguntepalya, Bengaluru, Karnataka. Pin-560029 (India)",373
56,1.4306997,Magadi Road,No Junction,SCOOTER,"G Narayana Kumar Road, Block C, KP Agrahara, Bengaluru, Karnataka. Pin-560023 (India)",1704
15,1.4306997,HAL Old Airport,No Junction,CAR,"Kadubeesanahalli Underpass, Kadubisanahalli Junction, Kadubisanahalli, Bengaluru, Karnataka. Pin-560103 (India)",2436
8,1.4306997,HSR Layout,No Junction,SCOOTER,"17th Cross Road, Sector 7, HSR Layout, Bengaluru, Karnataka. Pin-560102 (India)",1130
128,1.4306997,Vijayanagara,"BTP170 - Dr. Bheem Rao Palace, Chord Road",CAR,"Chord Road, Shivanahalli Junction, Rajaji Nagar, Bengaluru, Karnataka. Pin-560010 (India)",677
137,1.4306997,Hulimavu,No Junction,SCOOTER,"Bannerghatta Main Road, Royal Meenakshi Mall, Hulimavu, Bengaluru, Karnataka. Pin-560076 (India)",519
217,1.3258204,Hennuru,No Junction,SCOOTER,"Thanisandra Main Road, Tuba Layout, Thanisandra, Bengaluru, Karnataka. Pin-560077 (India)",82
96,1.3258204,Mahadevapura,No Junction,MAXI-CAB,"Ferns City Road, Doddanekundi, Bengaluru, Karnataka. Pin-560037 (India)",491
78,1.3258204,Byatarayanapura,BTP096 - Gali Anjaneya Temple,SCOOTER,"Mysore Road, Satellite Bus Stand Junction, New Timber Yard Layout, Bengaluru, Karnataka. Pin-560026 (India)",1686
105,1.3258204,Mico Layout,BTP130 - GD Mara Junction,SCOOTER,"1st Cross Road, GD Mara Slum, BTM Layout Stage 2, Bengaluru, Karnataka. Pin-560076 (India)",601
110,1.3258204,Kamakshipalya,No Junction,SCOOTER,"Magadi Main Road, Hanumantharayan Palya, Sunkadakatte, Bengaluru, Karnataka. Pin-560091 (India)",212
46,1.1943247,Jeevanbheemanagar,No Junction,MAXI-CAB,"Golf Avenue Road, Muniallappa Garden, Kodihalli, Bengaluru, Karnataka. Pin-560008 (India)",814
88,1.1777138,Wilson Garden,BTP192 - Urvashi Theater,CAR,"Lalbagh Main Road, Pride Hulkul, Vinoba Nagar, Kalasipalyam, Bengaluru, Karnataka. Pin-560027 (India)",371
102,1.1777138,HAL Old Airport,No Junction,MAXI-CAB,"ITPL Main Road, Maruthi Emerald, Thubarahalli, Bengaluru, Karnataka. Pin-560066 (India)",2756
4,1.1112254,Pulikeshinagar(F.Town),No Junction,SCOOTER,"1st Cross Road, Silver Enclave, Frazer Town, Bengaluru, Karnataka. Pin-560005 (India)",1115
52,1.1112254,High ground,BTP054 - Shivananda Circle,CAR,"Race Course Cross Road, C Ranga Swamy Circle, Gandhi Nagar, Bengaluru, Karnataka. Pin-560001 (India)",464
13,1.1112254,Jeevanbheemanagar,No Junction,CAR,"12th Main Road, Sony World Junction, Indiranagar, Bengaluru, Karnataka. Pin-560008 (India)",910
119,1.1112254,Jnanabharathi,No Junction,CAR,"Mallathahalli Road, Sri Gurukrupa Layout, Nagarbhavi Stage 2, Bengaluru, Karnataka. Pin-560072 (India)",466
84,1.1112254,Banashankari,"BTP115 - Sahasra Hospital, Jayanagar",SCOOTER,,514
143,1.1112254,HSR Layout,No Junction,CAR,"19th Main Road, HSR Layout, Bengaluru, Karnataka. Pin-560102 (India)",91
76,1.1112254,HSR Layout,No Junction,SCOOTER,"Hosapalya Main Road, BKL Colony, Bommanahalli, Bengaluru, Karnataka. Pin-560068 (India)",1218
74,1.1112254,Jeevanbheemanagar,No Junction,PASSENGER AUTO,"Old Airport Road, Manipal Hospital Junction, Kodihalli, Bengaluru, Karnataka. Pin-560008 (India)",569
129,1.1112254,Jalahalli,No Junction,CAR,"St Mary Church Road, Kanshiram Nagar, Ramchandrapura, Bengaluru, Karnataka. Pin-560013 (India)",175
109,0.89230514,Peenya,No Junction,MOTOR CYCLE,"Nelagadaranahalli Main Road, Nelakadirena Halli, T Dasarahalli, Bengaluru, Karnataka. Pin-560073 (India)",249
131,0.89230514,Electronic City,No Junction,SCOOTER,"Hosa Road, Navami Funique, Channakeshava Nagar, Singasandra, Bengaluru, Karnataka. Pin-560100 (India)",432
290,0.89230514,Adugodi,No Junction,SCOOTER,"20th Main Road, Block 8, Koramangala, Bengaluru, Karnataka. Pin-560095 (India)",57
310,0.89230514,HAL Old Airport,No Junction,MAXI-CAB,"New Horizon College Road, Prestige Sunnyside ELM, Bhoganahalli, Bengaluru, Karnataka. Pin-560103 (India)",180
150,0.86946934,Adugodi,No Junction,CAR,"80 Feet Road, SBI Colony, Koramangala, Bengaluru, Karnataka. Pin-560034 (India)",142
247,0.86946934,Malleshwaram,"BTP001 - 10th Cross, Dr. Rajkumar Road",CAR,"80 Feet Ring Road, Ketamaranahalli, Block 1, Rajaji Nagar, Bengaluru, Karnataka. Pin-560010 (India)",134
182,0.86946934,K.R. Pura,No Junction,SCOOTER,"Kodigehalli Main Road, Aryav Greenfields, Kadugodi, KR Puram, Bengaluru, Karnataka. Pin-560067 (India)",148
209,0.86946934,Kodigehalli,No Junction,CAR,"Kodigehalli Main Road, Brigade Opus, Hebbal, Bengaluru, Karnataka. Pin-560092 (India)",153
236,0.86946934,J.P. Nagar,No Junction,SCOOTER,"Bannerghatta Main Road, Indian Institute of Management, Bengaluru, Karnataka. Pin-560076 (India)",146
136,0.86946934,Wilson Garden,"BTP123 - 10th Cross, Wilson Garden",CAR,"9th Cross Road, NGO Colony, Wilson Garden, Bengaluru, Karnataka. Pin-560027 (India)",120
258,0.86946934,Wilson Garden,No Junction,SCOOTER,"Siddhapura Main Road, Siddapura Circle, Mavalli, Bengaluru, Karnataka. Pin-560004 (India)",110
49,0.86946934,Mico Layout,BTP126 - Dairy Circle,SCOOTER,"Dairy Circle, Dairy Circle Flyover, S.G Palya, Bengaluru South City Corporation, Bengaluru, Bangalore South, Bengaluru Urban, Karnataka, 560029, India",205
81,0.86946934,Halasuru Gate,BTP076 - Hudson Circle,SCOOTER,"Kasturba Road, Hudson Circle, Nagartapete, Bengaluru, Karnataka. Pin-560002 (India)",420
147,0.86946934,Kamakshipalya,No Junction,CAR,"Magadi Main Road, Sunkadakatte, Bengaluru, Karnataka. Pin-560091 (India)",154
153,0.86946934,Cubbon Park,BTP041 - Gopal Gowda Circle,SCOOTER,"Dr Ambedkar Road, Shanthaveri Gopalagowda Circle, Gandhi Nagar, Bengaluru, Karnataka. Pin-560001 (India)",458
242,0.86946934,Bellandur,No Junction,CAR,"Outer Ring Road, Kristal Campus 2, Bellandur, Bengaluru, Karnataka. Pin-560103 (India)",75
222,0.86946934,Rajajinagar,BTP010 - Rajajinagar Entrance,CAR,"80 Feet Ring Road, Block 4, Prakash Nagar, Bengaluru, Karnataka. Pin-560021 (India)",240
228,0.86946934,Bellandur,No Junction,CAR,"Sarjapura Main Road, Jain Heights, Kaikondrahalli, Bengaluru, Karnataka. Pin-560035 (India)",154
230,0.86946934,Peenya,No Junction,PASSENGER AUTO,"SM Road, Jalahalli Cross Junction, Peenya, Bengaluru, Karnataka. Pin-560058 (India)",306
339,0.86946934,Hennuru,No Junction,SCOOTER,"80 Feet Road, Corona Apartments, Hegde Nagar, Bengaluru, Karnataka. Pin-560077 (India)",41
235,0.86946934,Yeshwanthpura,No Junction,CAR,"Vivanta By Taj Yeshwantpur Entry Road, RNS Shriniketan, Yeshwanthpur, Bengaluru, Karnataka. Pin-560022 (India)",217
82,0.86946934,Bellandur,No Junction,MOTOR CYCLE,"Sarjapura Main Road, Divyasree Elan Homes, Bellandur, Bengaluru, Karnataka. Pin-560103 (India)",219
11,0.86946934,High ground,BTP034 - LRDE Junction,CAR,"Millers Road, BKM Gowda Circle, Vasant Nagar, Bengaluru, Karnataka. Pin-560001 (India)",257
269,0.86946934,Electronic City,No Junction,CAR,"Neeladri Road, Genesis Eco Sphere, Neeladri Nagar, Electronic City, Bengaluru, Karnataka. Pin-560100 (India)",84
116,0.86946934,Shivajinagar,No Junction,SCOOTER,"Dharmaraja Koil Street, Quadrant Square, Shivaji Nagar, Bengaluru, Karnataka. Pin-560051 (India)",69
270,0.86946934,Peenya,No Junction,CAR,"Dasarahalli, Bengaluru North City Corporation, Bengaluru, Bangalore North, Bengaluru Urban, Karnataka, 560057, India",100
17,0.86946934,High ground,BTP032 - Windsor Circle,SCOOTER,"Palace Road, Kumar Park, Vasant Nagar, Bengaluru, Karnataka. Pin-560001 (India)",2990
99,0.7234707,Electronic City,No Junction,CAR,"Garden Residency Bommasandra Link Road, Janatha Colony, Bommasandra, Bengaluru, Karnataka. Pin-560099 (India)",170
113,0.7234707,Sadashivanagar,No Junction,CAR,"3rd Main Road, Bashyam Circle, Sadashiva Nagar, Bengaluru, Karnataka. Pin-560080 (India)",127
338,0.7234707,Jayanagara,"BTP226 - 33rd Cross, 11th Main, Jayanagar",CAR,,50
59,0.7234707,Cubbon Park,BTP166 - Coffee Board Junction,CAR,"Ali Asker Road, Embassy Apartment, Vasant Nagar, Bengaluru, Karnataka. Pin-560001 (India)",99
124,0.7234707,Whitefield,No Junction,SCOOTER,"Sarjapura Main Road, Kodathi Gate, Kodathi, Bengaluru, Karnataka. Pin-560035 (India)",174
243,0.7234707,HSR Layout,No Junction,LGV,"27th Cross Road, Ramachandra Reddy Layout, Mangammanapalya, Bommanahalli, Bengaluru, Karnataka. Pin-560068 (India)",57
51,0.7234707,Sheshadripuram,BTP032 - Windsor Circle,CAR,"Sankey Road, RV Layout, Seshadripuram, Bengaluru, Karnataka. Pin-560020 (India)",350
200,0.7234707,Chamarajpet,"BTP089 - Police Quarters, Sultan Road",LGV,"Albert Victor Road, Sirsi Circle, Chamarajpet, Bengaluru, Karnataka. Pin-560018 (India)",58
85,0.7234707,K.R. Pura,No Junction,CAR,"MBT Road, Subhams Antique City, Konadasapura, Bengaluru, Karnataka. Pin-560049 (India)",215
168,0.7234707,HAL Old Airport,No Junction,CAR,"ITPL Main Road, Sterling Brook Side Apartment, Kundalhalli, Bengaluru, Karnataka. Pin-560037 (India)",673
112,0.7234707,Halasuru Gate,"BTP168 - MSR Building, JC Road",SCOOTER,"Sunkalpet Road, Kumbaragundi, Kalasipalyam, Bengaluru, Karnataka. Pin-560002 (India)",99
229,0.6523221,Electronic City,No Junction,SCOOTER,"Hosur Road, Salarpuria Sattva Alexandria Tech Park, Veerasandra Industrial Area, Bengaluru, Karnataka. Pin-560100 (India)",370
284,0.6523221,Kodigehalli,No Junction,SCOOTER,"Bellary Road, IAH and VB Quarters, UAS Campus, Hebbal, Bengaluru, Karnataka. Pin-560024 (India)",163
178,0.6523221,Yeshwanthpura,No Junction,MOTOR CYCLE,"1st Main Road, Sri Vijayamaruthi Circle, Yeshwanthpur, Bengaluru, Karnataka. Pin-560022 (India)",400
67,0.6523221,Kodigehalli,No Junction,CAR,"20th Main Road, RMS Layout, Sahakara Nagar, Bengaluru, Karnataka. Pin-560092 (India)",817
212,0.6523221,Byatarayanapura,No Junction,SCOOTER,"Mysore Road, Gopalan Arcade, Nayandahalli, Bengaluru, Karnataka. Pin-560039 (India)",354
211,0.6523221,Ashok Nagar,BTP132 - Anepalya Junction,CAR,"Anepalya Main Road, Muthanna Garden, Nilsandra, Bengaluru, Karnataka. Pin-560030 (India)",106
203,0.6523221,Jalahalli,No Junction,SCOOTER,,185
221,0.63959,High ground,BTP054 - Shivananda Circle,CAR,"North Park Road, Dr Hardikar Circle, Seshadripuram, Bengaluru, Karnataka. Pin-560001 (India)",245
126,0.63959,No Police Station,No Junction,CAR,"Mumbai Bengaluru Highway, Bynapalya, Madanaiyakanahalli, Bengaluru, Karnataka. Pin-562162 (India)",41
337,0.63959,Sadashivanagar,No Junction,CAR,"Sankey Road, Palace Orchard Upper, Sadashiva Nagar, Bengaluru, Karnataka. Pin-560080 (India)",48
238,0.63959,R.T. Nagar,No Junction,CAR,"CBI Main Road, CBI Quarters, KGH Layout, Ganga Nagar, Bengaluru, Karnataka. Pin-560032 (India)",185
198,0.63959,Bellandur,No Junction,SCOOTER,"Sarjapura Main Road, Sri Venkateshwara Circle, Haralur, Bengaluru, Karnataka. Pin-560035 (India)",181
361,0.63959,Cubbon Park,BTP047 - Vidhan Soudha Metro Station,SCOOTER,"Dr Ambedkar Road, Shanthaveri Gopalagowda Circle, Gandhi Nagar, Bengaluru, Karnataka. Pin-560001 (India)",25
251,0.63959,Wilson Garden,"BTP102 - BMTC Junction, KH Road",CAR,"BTS Main Road, BMTC Junction, Wilson Garden, Bengaluru, Karnataka. Pin-560027 (India)",108
325,0.63959,Halasuru Gate,BTP063 - Siddalingaiah Circle,CAR,"Kasturba Road, Siddalingaiah Circle, Gandhi Nagar, Bengaluru, Karnataka. Pin-560001 (India)",67
302,0.63959,Halasur,"BTP145 - Sri Hatti Maramma Circle, Domluru",CAR,"Old Airport Road, Attimaramma Circle, Domlur, Bengaluru, Karnataka. Pin-560071 (India)",199
330,0.63959,HSR Layout,No Junction,CAR,"27th Main Road, HSR Layout 27th Main Junction, HSR Layout, Bengaluru, Karnataka. Pin-560102 (India)",92
321,0.63959,Chikkabanavara,No Junction,SCOOTER,"Mumbai Bengaluru Highway, Nagasandra, Bengaluru, Karnataka. Pin-560073 (India)",48
177,0.63959,J.P. Nagar,No Junction,SCOOTER,"Bannerghatta Main Road, Vijay Shree Layout, Hulimavu, Bengaluru, Karnataka. Pin-560076 (India)",87
174,0.63959,Malleshwaram,No Junction,CAR,"Tumkur Road, Goraguntepalya, Bengaluru West City Corporation, Bengaluru, Bangalore North, Bengaluru Urban, Karnataka, 560022, India",181
357,0.63959,Jeevanbheemanagar,No Junction,CAR,"Old Madras Road, New Binnamangla, Indiranagar, Bengaluru, Karnataka. Pin-560038 (India)",40
80,0.62652487,Chikkajala,No Junction,CAR,"Ronald Colaco Road, Sadahalli Gate Junction, Navarathna Agrahara, Bengaluru, Karnataka. Pin-562157 (India)",944
29,0.5800869,HSR Layout,No Junction,SCOOTER,"27th Main Road, Sector 1, HSR Layout, Bengaluru, Karnataka. Pin-560102 (India)",103
103,0.5800869,Magadi Road,BTP010 - Rajajinagar Entrance,PASSENGER AUTO,"Old Mysore Road, Block 4N, Ramachandrapuram, Bengaluru, Karnataka. Pin-560021 (India)",246
163,0.5800869,Pulikeshinagar(F.Town),No Junction,SCOOTER,"Osborne Road, Meanee Avenue Layout, Frazer Town, Bengaluru, Karnataka. Pin-560005 (India)",112
37,0.5800869,Bellandur,No Junction,SCOOTER,"Sarjapura Main Road, Doddakannelli Circle, Doddakannelli, Bengaluru, Karnataka. Pin-560035 (India)",189
283,0.5800869,Banashankari,No Junction,MOTOR CYCLE,"Dr Rajkumar Puniya Bhoomi Road, Veerabhadra Nagara Circle, Banashankari Stage 3, Bengaluru, Karnataka. Pin-560085 (India)",48
309,0.5800869,Yelahanka,No Junction,PASSENGER AUTO,"Hesarghatta Road, Mohammad Sab Palya Circle, Vidyaranyapura, Bengaluru, Karnataka. Pin-560097 (India)",47
264,0.5800869,Halasuru Gate,BTP075 - Police Corner,PASSENGER AUTO,"District Office Road, Police Corner Junction, Nagartapete, Bengaluru, Karnataka. Pin-560002 (India)",53
319,0.5800869,Hennuru,No Junction,MOTOR CYCLE,"Thanisandra Main Road, Aswath Nagar Circle, Thanisandra, Bengaluru, Karnataka. Pin-560077 (India)",45
161,0.5800869,Kamakshipalya,No Junction,SCOOTER,"G Narayana Kumar Road, Soundarya Kamakshi, Karekallu, Kamakshipalya, Bengaluru, Karnataka. Pin-560079 (India)",56
193,0.57706374,Yelahanka,No Junction,SCOOTER,"3rd A Cross Road, East Colony, Yelahanka, Bengaluru, Karnataka. Pin-560064 (India)",177
240,0.57706374,Yelahanka,No Junction,MOTOR CYCLE,"BB Road, Yelahanka, Bengaluru, Karnataka. Pin-560064 (India)",71
380,0.5730754,Basavanagudi,BTP109 - Dewan Madhava Rao Junction,CAR,"Police Station Road, NR Kaveri Manor, Gandhi Bazar, Basavanagudi, Bengaluru, Karnataka. Pin-560004 (India)",26
206,0.5730754,Jayanagara,"BTP191 - 40th Cross, 4th Main, Jayanagar",CAR,"9th Main Road, Block 5, Jayanagar, Bengaluru, Karnataka. Pin-560041 (India)",92
296,0.5730754,HAL Old Airport,No Junction,MAXI-CAB,"HAL Airport Road, Purva Riviera, Marathahalli, Bengaluru, Karnataka. Pin-560037 (India)",70
274,0.5730754,Bellandur,No Junction,CAR,"Doddakannelli Road, Ambedkar Circle, Devara Beesana Halli, Bengaluru, Karnataka. Pin-560103 (India)",252
191,0.5677041,Kamakshipalya,No Junction,SCOOTER,"Dr Rajkumar Puniya Bhoomi Road, Sumnahalli Junction, Kamakshipalya, Bengaluru, Karnataka. Pin-560091 (India)",178
117,0.5677041,Mico Layout,No Junction,SCOOTER,"7th Cross Road, MICO Employees House Building Cooperative Society, BTM Layout Stage 2, Bengaluru, Karnataka. Pin-560076 (India)",603
241,0.5677041,City Market,BTP119 - Minerva Circle,SCOOTER,"Kondajji Basappa Road, Minerva Circle, Mavalli, Bengaluru, Karnataka. Pin-560004 (India)",119
323,0.5677041,Whitefield,No Junction,SCOOTER,"Halasahalli Road, Dr BR Ambedkar Circle, Varthur Marattahalli, Bengaluru, Karnataka. Pin-560087 (India)",53
244,0.5677041,Adugodi,No Junction,SCOOTER,"Srinivagilu Main Road, Sony World Junction, Koramangala, Bengaluru, Karnataka. Pin-560034 (India)",108
71,0.5677041,Jeevanbheemanagar,No Junction,SCOOTER,"Chinmaya Mission Hospital Road, Tamarikannan Junction, Halasuru, Bengaluru, Karnataka. Pin-560008 (India)",182
232,0.5606926,J.P. Nagar,No Junction,CAR,"Rose Garden Road, Kalyani Vista Phase 2, JP Nagar Phase 5, Bengaluru, Karnataka. Pin-560078 (India)",56
210,0.5606926,Halasur,No Junction,CAR,"Cambridge Road, Ramayya Circle, Halasuru, Bengaluru, Karnataka. Pin-560008 (India)",77
239,0.5606926,Wilson Garden,No Junction,CAR,"8th Main Road, NIMHANS, Bengaluru, Karnataka. Pin-560029 (India)",104
305,0.5606926,J.P. Nagar,"BTP177 - Aurobindo Circle, ORR",CAR,"24th Main Road, Marenahalli Industrial Area, JP Nagar Phase 2, Bengaluru, Karnataka. Pin-560078 (India)",75
254,0.5606926,Mahadevapura,No Junction,CAR,"Whitefield Main Road, Wynn Gate, Belathur, Bengaluru, Karnataka. Pin-560067 (India)",45
253,0.5606926,HAL Old Airport,No Junction,CAR,"Outer Ring Road, Central Avenue, Marathahalli, Bengaluru, Karnataka. Pin-560037 (India)",54
237,0.5606926,Jeevanbheemanagar,"BTP148 - 17th Main, Doopanahalli Bus Stop",CAR,"Domlur Inner Ring Road, Baba Saheb Colony, HAL Stage 2, Indiranagar, Bengaluru, Karnataka. Pin-560008 (India)",198
301,0.5606926,Sheshadripuram,No Junction,CAR,"Sirur Park B Road, Mill Corner Junction, Seshadripuram, Bengaluru, Karnataka. Pin-560020 (India)",40
291,0.5606926,Chikkabanavara,No Junction,CAR,"Mumbai Bengaluru Highway, Pride Altius, Bagalagunte, Bengaluru, Karnataka. Pin-560073 (India)",60
329,0.5606926,Ashok Nagar,"BTP099 - Cash Pharmacy, Residency Road",CAR,"Field Marshal KM Cariappa Road, Cash Pharmacy Junction, Richmond Town, Bengaluru, Karnataka. Pin-560025 (India)",63
196,0.5606926,Pulikeshinagar(F.Town),No Junction,CAR,"Banaswadi Main Road, Prestige Woodland Park, Maruthi Sevanagar, Bengaluru, Karnataka. Pin-560005 (India)",190
0,0.5606926,Madiwala,BTP137 - Madiwala Traffic PS Junction,CAR,"18th Main Road, Block 2, Koramangala, Bengaluru, Karnataka. Pin-560068 (India)",556
125,0.5606926,Pulikeshinagar(F.Town),No Junction,CAR,"Saunders Road, Sarvanton Circle, Frazer Town, Bengaluru, Karnataka. Pin-560005 (India)",709
184,0.5606926,Kodigehalli,No Junction,CAR,"Ganga Bhavani Temple Road, Kodigehalli Circle, Sahakara Nagar, Bengaluru, Karnataka. Pin-560092 (India)",90
169,0.5606926,Kamakshipalya,No Junction,CAR,"Magadi Main Road, Byadrahalli, Bengaluru, Karnataka. Pin-560091 (India)",41
170,0.5606926,Jeevanbheemanagar,No Junction,CAR,"Nanja Raja Reddy Colony Main Road, Thimma Reddy Layout, Murugeshpalya, Bengaluru, Karnataka. Pin-560017 (India)",89
140,0.5606926,Mahadevapura,No Junction,CAR,"Whitefield Main Road, Belathur, Bengaluru, Karnataka. Pin-560067 (India)",47
172,0.5606926,Mico Layout,BTP126 - Dairy Circle,CAR,"Hosur Road, Prestige Blue Chip Software Park, Dairy Colony, Adugodi, Bengaluru, Karnataka. Pin-560029 (India)",143
151,0.5606926,Madiwala,BTP137 - Madiwala Traffic PS Junction,CAR,"Hosur Road, Dollar Scheme Colony, BTM Layout Stage 1, Bengaluru, Karnataka. Pin-560068 (India)",106
95,0.5606926,Hulimavu,No Junction,CAR,"Hosur Road, Singasandra Industrial Estate, Begur, Bengaluru, Karnataka. Pin-560068 (India)",327
179,0.5606926,Kengeri,No Junction,CAR,"Kengeri Main Road, Kengeri Satellite Town, Bengaluru, Karnataka. Pin-560060 (India)",50
38,0.5606926,Halasuru Gate,BTP064 - Devanga Hostel Junction,CAR,"Mission Road, M Subbaiah Circle, Sampangiram Nagar, Bengaluru, Karnataka. Pin-560027 (India)",121
272,0.5571454,Halasuru Gate,BTP180 - Swagath Poornima Theatre,TEMPO,"1st Cross Road, CSI Compound, Kalasipalyam, Bengaluru, Karnataka. Pin-560027 (India)",155
175,0.5437502,Chikkajala,No Junction,CAR,"Bagaluru Main Road, Niranthara Layout, Dwarka Nagar, Kattigenahalli, Bengaluru, Karnataka. Pin-560063 (India)",291
359,0.54140204,Magadi Road,BTP074 - Leprosy Hospital Junction,SCOOTER,"Magadi Road, Sobha Indraprastha, Magadi Road Area, Bengaluru, Karnataka. Pin-560023 (India)",64
218,0.54140204,Ashok Nagar,No Junction,PASSENGER AUTO,"Magrath Road, Garuda Mall, Ashok Nagar, Bengaluru, Karnataka. Pin-560025 (India)",93
162,0.54140204,Jeevanbheemanagar,No Junction,SCOOTER,"5th Main Road, Kodihalli, Bengaluru, Karnataka. Pin-560008 (India)",101
248,0.54140204,Wilson Garden,BTP121 - KH Circle,SCOOTER,"KH Road, Kengal Hanumanthaiah Circle, Wilson Garden, Bengaluru, Karnataka. Pin-560027 (India)",88
252,0.54140204,HSR Layout,No Junction,SCOOTER,"Haralur Road, Birla Circle, Haralur, Bengaluru, Karnataka. Pin-560035 (India)",72
315,0.54140204,HAL Old Airport,No Junction,SCOOTER,"West Parallel Road, Karthik Nagar, Marathahalli, Bengaluru, Karnataka. Pin-560037 (India)",66
317,0.54140204,Mico Layout,"BTP163 - 16th Main Road, BTM Layout",SCOOTER,"16th Main Road, Gundutopu Garden, BTM Layout Stage 1, Bengaluru, Karnataka. Pin-560029 (India)",60
57,0.54140204,Wilson Garden,No Junction,SCOOTER,"Sri Nitturu Srinivasarao Road, Madhavan Circle, Jayanagar East, Bengaluru, Karnataka. Pin-560011 (India)",419
358,0.54140204,Rajajinagar,BTP009 - Prakash Nagar Junction,SCOOTER,"2nd Main Road, Jooganahalli, Block 2, Rajaji Nagar, Bengaluru, Karnataka. Pin-560010 (India)",233
135,0.54140204,Rajajinagar,No Junction,SCOOTER,"15th Cross Road, Sumukha, Mahalakshmipuram, Bengaluru, Karnataka. Pin-560086 (India)",211
91,0.54140204,Malleshwaram,"BTP001 - 10th Cross, Dr. Rajkumar Road",SCOOTER,"10th Cross Road, Dr Rajkumar Road 10th Cross Junction, Rajaji Nagar, Bengaluru, Karnataka. Pin-560010 (India)",182
216,0.54140204,K.S. Layout,No Junction,SCOOTER,"Dr Vishnuvardhan Main Road, Uttarahalli Circle, Uttarahalli, Bengaluru, Karnataka. Pin-560061 (India)",63
215,0.54140204,High ground,No Junction,SCOOTER,"Millers Road, Kaverappa Layout, Vasant Nagar, Bengaluru, Karnataka. Pin-560001 (India)",80
138,0.54140204,Vijayanagara,BTP020 - Hosahalli Metro Station,SCOOTER,"4th Main Road, Manuvana, Vijaya Nagar, Bengaluru, Karnataka. Pin-560040 (India)",528
35,0.54140204,Jeevanbheemanagar,No Junction,SCOOTER,"Chinmaya Mission Hospital Road, BM Sri Circle, Indiranagar, Bengaluru, Karnataka. Pin-560038 (India)",456
293,0.5398979,Chikkajala,No Junction,MOTOR CYCLE,"Hosahalli Main Road, Hunasamaranahalli, Bengaluru, Karnataka. Pin-562157 (India)",103
148,0.5398979,Yelahanka,No Junction,SCOOTER,"Allalasandra Main Road, Taralabalu Enclave, Yelahanka, Bengaluru, Karnataka. Pin-560064 (India)",402
250,0.53439057,Jeevanbheemanagar,"BTP148 - 17th Main, Doopanahalli Bus Stop",CAR,"Domlur Inner Ring Road, Dr BR Ambedkar Circle, Indiranagar, Bengaluru, Karnataka. Pin-560008 (India)",292
306,0.53439057,Jnanabharathi,No Junction,CAR,"6th Main Road, RHBCS Layout, Nagarbhavi Stage 2, Bengaluru, Karnataka. Pin-560072 (India)",64
298,0.53439057,Whitefield,No Junction,CAR,"HAL Airport Road, Miraya Rose, Siddapura, Bengaluru, Karnataka. Pin-560066 (India)",72
97,0.53439057,Mahadevapura,No Junction,CAR,"Whitefield Road, Indian Oil Campus, Mahadevapura, Bengaluru, Karnataka. Pin-560016 (India)",55
249,0.53439057,Rajajinagar,No Junction,HGV,"Kanteerava Studio Road, FTI Junction, Nandini Layout, Bengaluru, Karnataka. Pin-560096 (India)",115
234,0.53439057,Halasur,No Junction,CAR,"1st Cross Road, Ranka Court, Halasuru, Bengaluru, Karnataka. Pin-560008 (India)",134
351,0.53439057,Halasur,No Junction,CAR,"Old Madras Road, Corporation Colony, Halasuru, Bengaluru, Karnataka. Pin-560008 (India)",48
352,0.53439057,Rajajinagar,No Junction,CAR,"Dr Rajkumar Puniya Bhoomi Road, Swatantra Yodhara Nagar, Laggere, Bengaluru, Karnataka. Pin-560058 (India)",41
220,0.53439057,Jeevanbheemanagar,No Junction,CAR,"1st Cross Road, Jeevan Bima Nagar, Bengaluru, Karnataka. Pin-560075 (India)",80
118,0.53439057,Chikkabanavara,No Junction,CAR,"Hesaraghatta Main Road, Defence Colony, Bagalagunte, Bengaluru, Karnataka. Pin-560073 (India)",100
336,0.53439057,Kodigehalli,No Junction,CAR,"Outer Ring Road, Whispering Meadows, Dollars Colony, RMV Stage 2, Bengaluru, Karnataka. Pin-560094 (India)",49
64,0.53439057,Jnanabharathi,No Junction,CAR,"Kengeri Main Road, Papareddypalya Circle, Nagarbhavi Stage 2, Bengaluru, Karnataka. Pin-560072 (India)",120
281,0.53439057,Cubbon Park,BTP052 - CID Carlton House Junction,CAR,"D Devaraj Urs Road, Karnataka Bhavan Junction, Gandhi Nagar, Bengaluru, Karnataka. Pin-560001 (India)",118
139,0.53439057,Kodigehalli,No Junction,CAR,"4th Cross Road, Brigade Opus, Hebbal, Bengaluru, Karnataka. Pin-560092 (India)",147
334,0.53439057,Magadi Road,BTP069 - MC Circle,LORRY/GOODS VEHICLE,"Pramukh Swami Maharaj Road, Shri Balagangadharanath Swamiji Circle, Vijaya Nagar, Bengaluru, Karnataka. Pin-560040 (India)",49
294,0.5305383,Halasur,BTP146 - Domlur Water Tank,SCOOTER,"Domlur Main Road, Dr Rajkumar Circle, Domlur, Bengaluru, Karnataka. Pin-560071 (India)",76
277,0.5305383,Byatarayanapura,No Junction,SCOOTER,"Mysore Road, Apple Spire, Pantarapalya, Bengaluru, Karnataka. Pin-560039 (India)",143
190,0.5305383,Sheshadripuram,No Junction,SCOOTER,"Sri Sri Sri Balagangadharanatha Swamy Road, Krishna Block, Malleshwaram, Bengaluru, Karnataka. Pin-560020 (India)",49
350,0.5305383,Whitefield,No Junction,MOTOR CYCLE,"Whitefield Main Road, Hope Farm Circle, Whitefield, Bengaluru, Karnataka. Pin-560066 (India)",43
307,0.5305383,HSR Layout,No Junction,SCOOTER,"27th Main Road, Sector 1, HSR Layout, Bengaluru, Karnataka. Pin-560102 (India)",60
308,0.5305383,R.T. Nagar,No Junction,SCOOTER,"RT Nagar Main Road, Amale Layout, RT Nagar, Bengaluru, Karnataka. Pin-560032 (India)",46
70,0.5305383,HSR Layout,No Junction,SCOOTER,"17th Cross Road, Parangipalya, Sector 2, HSR Layout, Bengaluru, Karnataka. Pin-560102 (India)",61
233,0.5305383,Basavanagudi,BTP109 - Dewan Madhava Rao Junction,SCOOTER,"KR Main Road, Basavanagudi, Bengaluru, Karnataka. Pin-560004 (India)",153
372,0.5305383,Hebbala,No Junction,SCOOTER,"Dasarahalli Main Road, RMZ Latitude Commercial, Byatarayanapura, Bengaluru, Karnataka. Pin-560092 (India)",46
231,0.5305383,Whitefield,No Junction,MOTOR CYCLE,"Pattandur Agrahara Road, Harman Campus, EOIZ Industrial Area, Whitefield, Bengaluru, Karnataka. Pin-560066 (India)",75
327,0.5305383,Sheshadripuram,No Junction,SCOOTER,"Acharya Govind Vittal Bhave Road, RV Shetty Layout, Seshadripuram, Bengaluru, Karnataka. Pin-560020 (India)",81
345,0.5305383,Adugodi,BTP135 - UCO Bank Junction,SCOOTER,"Hosur Road, Robert Bosch, Block 7, Koramangala, Bengaluru, Karnataka. Pin-560095 (India)",69
173,0.52559155,Yelahanka,No Junction,CAR,"Yelahanka New Town Main Road, 1st Stage, Yelahanka New Town, Bengaluru, Karnataka. Pin-560064 (India)",93
156,0.52559155,Chikkajala,No Junction,CAR,"Unnamed Road, Chikkanahalli North Taluka, Bengaluru, Karnataka. Pin-562149 (India)",75
278,0.52559155,Chikkajala,No Junction,CAR,"Unnamed Road, Chikkanahalli North Taluka, Bengaluru, Karnataka. Pin-562149 (India)",98
379,0.52352685,R.T. Nagar,No Junction,CAR,"Jayamahal Main Road, Munireddypalya, JC Nagar, Bengaluru, Karnataka. Pin-560006 (India)",40
14,0.52352685,K.R. Pura,No Junction,CAR,"MBT Road, ITI Township, KR Puram, Bengaluru, Karnataka. Pin-560016 (India)",1312
275,0.52352685,Mico Layout,BTP136 - Hosur-Tavarkere Road Junction,CAR,"2nd Main Road, Krishna Nagar Industrial Layout, Sadduguntepalya, Bengaluru, Karnataka. Pin-560029 (India)",103
355,0.52352685,J.P. Nagar,"BTP221 - 15th Cross, 24th Main, JP Nagar",CAR,"17th Cross Road, P Muniyappa Garden, JP Nagar Phase 6, Bengaluru, Karnataka. Pin-560078 (India)",43
86,0.52352685,K.S. Layout,No Junction,CAR,"Bikasipura Main Road, LMC Industrial Layout, Konanakunte, Bengaluru, Karnataka. Pin-560062 (India)",48
287,0.52352685,Chikkabanavara,No Junction,CAR,"4th Main Road, Nagasandra, Bengaluru, Karnataka. Pin-560073 (India)",85
344,0.52352685,Jayanagara,"BTP127 - Sagar Hospital, Jayanagar",CAR,"32nd E Cross Road, NAL Layout, Jayanagar, Bengaluru, Karnataka. Pin-560041 (India)",45
31,0.52352685,HSR Layout,No Junction,CAR,"Outer Ring Road, Sector 5, HSR Layout, Bengaluru, Karnataka. Pin-560102 (India)",91
87,0.52352685,Sheshadripuram,No Junction,CAR,"Padmabhushan Dr RK Srikantan Road, Seshadripuram Police Station Junction, Seshadripuram, Bengaluru, Karnataka. Pin-560020 (India)",430
326,0.52352685,Wilson Garden,BTP103 - Shanti Nagar TTMC,CAR,"KH Road, Wilson Garden, Bengaluru, Karnataka. Pin-560027 (India)",53
122,0.52352685,Vijayanagara,BTP207 - 8th Main Road Basaveshwara Nagar,CAR,"8th Main Road, Basaveshwara Nagar, Bengaluru, Karnataka. Pin-560079 (India)",171
68,0.52352685,Mico Layout,No Junction,MAXI-CAB,"Thavarekere Main Road, Chikka Adugodi New Extension, Sadduguntepalya, Bengaluru, Karnataka. Pin-560029 (India)",141
312,0.52352685,K.R. Pura,No Junction,CAR,"MBT Road, Avalahalli South Taluka, Bengaluru, Karnataka. Pin-560049 (India)",41
195,0.52352685,Byatarayanapura,"BTP094 - Sri Skanda Complex, Mysore Road",CAR,"Mysore Road, Hosaguddadahalli, New Guddadahalli, Bengaluru, Karnataka. Pin-560026 (India)",104
224,0.52352685,Whitefield,No Junction,CAR,"HAL Airport Road, DSR Vertex Apex, Thubarahalli, Bengaluru, Karnataka. Pin-560066 (India)",48
255,0.52352685,Whitefield,No Junction,CAR,"Dream Cake, Siddapura Road, Whitefield, Bengaluru East City Corporation, Bengaluru, Bangalore East, Bengaluru Urban, Karnataka, 560066, India",98
180,0.52352685,Adugodi,No Junction,CAR,"Srinivagilu Main Road, KR Garden, Block 8, Koramangala, Bengaluru, Karnataka. Pin-560095 (India)",79
208,0.52352685,Kamakshipalya,No Junction,CAR,"Magadi Main Road, Sunkadakatte, Bengaluru, Karnataka. Pin-560091 (India)",94
260,0.52352685,Ashok Nagar,No Junction,CAR,"Field Marshal KM Cariappa Road, ACR Towers, Shanthala Nagar, Bengaluru, Karnataka. Pin-560001 (India)",179
214,0.52352685,K.S. Layout,No Junction,CAR,"Subramanyapura Main Road, Canara Bank Colony, Chikkalsandra, Bengaluru, Karnataka. Pin-560061 (India)",92
171,0.52352685,Jayanagara,"BTP176 - Rajalakshmi Kalyana Mantapa, JP Nagar",CAR,"2nd Main Road, Sangam Circle, Jayanagar, Bengaluru, Karnataka. Pin-560070 (India)",160
226,0.52352685,Hennuru,No Junction,CAR,"Thanisandra Main Road, Hegde Nagar, Bengaluru, Karnataka. Pin-560077 (India)",103
207,0.52352685,R.T. Nagar,No Junction,CAR,"Jayamahal Main Road, Munireddypalya, JC Nagar, Bengaluru, Karnataka. Pin-560006 (India)",72
192,0.52352685,Wilson Garden,"BTP123 - 10th Cross, Wilson Garden",CAR,"13th Cross Road, Wilson Manor Apartment, Jayanagar East, Bengaluru, Karnataka. Pin-560011 (India)",90
166,0.52352685,J.P. Nagar,"BTP117 - 9th Cross, Kanakapura Road",GOODS AUTO,"40th Main Road, SBI Colony, JP Nagar Phase 1, Bengaluru, Karnataka. Pin-560078 (India)",176
18,0.5162319,Banashankari,No Junction,SCOOTER,"8th Main Road, Veerannana Guda, Veerabhadra Nagar, Banashankari Stage 3, Bengaluru, Karnataka. Pin-560085 (India)",237
341,0.5162319,HSR Layout,No Junction,CAR,"Hosur Road, Narasimha Reddy Layout, Garvebhavi Palya, Bengaluru, Karnataka. Pin-560068 (India)",50
346,0.5162319,Whitefield,No Junction,SCOOTER,"Whitefield Road, Salarpuria GR Tech Park, Whitefield, Bengaluru, Karnataka. Pin-560066 (India)",95
348,0.5162319,V.V.Puram (C.Pet),BTP193 - Vasavi Circle,CAR,"National High School Road, Sri Vasavi Circle, VV Puram, Bengaluru, Karnataka. Pin-560004 (India)",50
349,0.5162319,Byatarayanapura,No Junction,CAR,"Dr Rajkumar Puniya Bhoomi Road, BDA Layout, Block 3, Chandra Layout Stage 1, Bengaluru, Karnataka. Pin-560072 (India)",87
343,0.5162319,J.P. Nagar,"BTP197 - 9th Cross, 24th Main, JP Nagar",SCOOTER,"9th Cross Road, Mayura Circle, JP Nagar Phase 1, Bengaluru, Karnataka. Pin-560078 (India)",59
342,0.5162319,No Police Station,No Junction,CAR,"Sarjapura Main Road, Dommansandra Circle, Dommasandra Anekal Taluka, Bengaluru, Karnataka. Pin-562125 (India)",45
28,0.5162319,HSR Layout,No Junction,CAR,"19th Main Road, Park Square Apartment, Sector 4, HSR Layout, Bengaluru, Karnataka. Pin-560102 (India)",56
340,0.5162319,K.S. Layout,No Junction,BUS (BMTC/KSRTC),"Subramanyapura Main Road, Komarla Brigade Residency, Chikkalsandra, Bengaluru, Karnataka. Pin-560061 (India)",54
204,0.5162319,Sheshadripuram,No Junction,MOTOR CYCLE,"J Lingaiah Road, Kempanna Block, Seshadripuram, Bengaluru, Karnataka. Pin-560020 (India)",131
176,0.5162319,Sheshadripuram,BTP054 - Shivananda Circle,CAR,"4th Main Road, Nehru Circle, Seshadripuram, Bengaluru, Karnataka. Pin-560020 (India)",115
213,0.5162319,Mahadevapura,No Junction,CAR,"Whitefield Main Road, Sri Sathya Sai Gokulam, Sai Colony, Kadugodi, Bengaluru, Karnataka. Pin-560067 (India)",50
219,0.5162319,Pulikeshinagar(F.Town),No Junction,CAR,"Professor K Venkatachalam Circle, Venkatachalam Circle, Sivanchetti Gardens, Bengaluru, Karnataka. Pin-560042 (India)",99
333,0.5162319,Hulimavu,No Junction,CAR,"Westend Avenue, Isiri Stone Creek, Akshaya Nagar West, Yelenahalli, Bengaluru, Karnataka. Pin-560076 (India)",55
332,0.5162319,Yeshwanthpura,No Junction,PASSENGER AUTO,"Subedar Chatram Road, Yeshwanthapura Circle, Yeshwanthpur, Bengaluru, Karnataka. Pin-560022 (India)",36
331,0.5162319,Bellandur,No Junction,CAR,"Sarjapura Main Road, Saket Callipolis, Halanayakana Halli, Bengaluru, Karnataka. Pin-560035 (India)",49
41,0.5162319,Kodigehalli,No Junction,SCOOTER,"Bellary Road, Godrej Platinum, Hebbal Kempapura, Bengaluru, Karnataka. Pin-560024 (India)",165
48,0.5162319,R.T. Nagar,No Junction,SCOOTER,"10th Main Road, P&T Colony, RT Nagar, Bengaluru, Karnataka. Pin-560032 (India)",462
181,0.5162319,Electronic City,No Junction,CAR,"Hosur Road, Zed Enclave, HAL Layout, Bengaluru, Karnataka. Pin-560068 (India)",105
123,0.5162319,Yeshwanthpura,No Junction,SCOOTER,"MS Ramaiah Road, Nada Prabhu Kempegowda Circle, Mathikere, Bengaluru, Karnataka. Pin-560054 (India)",281
353,0.5162319,Chamarajpet,BTP214 - 5th Main Chamrajpet  Junction,SCOOTER,"Bazar Street, Sri Yagnavalkya Circle, Chamarajpet, Bengaluru, Karnataka. Pin-560018 (India)",111
367,0.5162319,Electronic City,No Junction,SCOOTER,"Amrutha College Road, Mahaveer Ranches, Naganathapura, Rayasandra, Bengaluru, Karnataka. Pin-560100 (India)",48
378,0.5162319,Electronic City,No Junction,SCOOTER,"Hosur Road, Columbia Aaltius, Electronic City, Bengaluru, Karnataka. Pin-560100 (India)",40
377,0.5162319,Madiwala,No Junction,CAR,"Hosur Road, Vajpayee Nagar, Garvebhavi Palya, Bengaluru, Karnataka. Pin-560068 (India)",32
376,0.5162319,Electronic City,No Junction,SCOOTER,"Hosur Road, Gopalan Lake Front, Electronic City, Bengaluru, Karnataka. Pin-560100 (India)",45
375,0.5162319,Electronic City,No Junction,SCOOTER,"Road Number 1, Salarpuria Infozone, Phase 1, Electronic City, Bengaluru, Karnataka. Pin-560100 (India)",116
374,0.5162319,R.T. Nagar,No Junction,CAR,"1st Main Road, Jayamahal Extension, Bengaluru, Karnataka. Pin-560046 (India)",45
373,0.5162319,R.T. Nagar,No Junction,CAR,"5th Main Road, Income Tax and Central Excise Staff Quarters, Jayamahal Extension, Bengaluru, Karnataka. Pin-560046 (India)",66
199,0.5162319,Rajajinagar,No Junction,CAR,"1st Main Road, Lumos, Industrial Suburb, Yeshwanthpur, Bengaluru, Karnataka. Pin-560022 (India)",64
371,0.5162319,Byatarayanapura,No Junction,CAR,"Mysore Road, Deepanjali Nagar, Bengaluru, Karnataka. Pin-560026 (India)",73
370,0.5162319,Whitefield,No Junction,CAR,"Whitefield Main Road, HBK Layout, Whitefield, Bengaluru, Karnataka. Pin-560066 (India)",41
369,0.5162319,Malleshwaram,BTP008 - Navarang Theatre,CAR,"5th Cross Road, Block D Stage 2, Rajaji Nagar, Bengaluru, Karnataka. Pin-560010 (India)",44
368,0.5162319,Rajajinagar,"BTP015 - Suguna Hospital, Dr. Rajkumar Road",CAR,,48
366,0.5162319,Pulikeshinagar(F.Town),No Junction,SCOOTER,"Seppings Road, Nehru Puram, Shivaji Nagar, Bengaluru, Karnataka. Pin-560051 (India)",41
328,0.5162319,Ashok Nagar,No Junction,SCOOTER,"Salvadores, Commissariat Road, Ashok Nagar, Ashokanagar, Bengaluru Central City Corporation, Bengaluru, Bangalore North, Bengaluru Urban, Karnataka, 560025, India",41
365,0.5162319,Halasuru Gate,BTP075 - Police Corner,CAR,"Banappa Park Road, Cubbonpet, Nagartapete, Bengaluru, Karnataka. Pin-560002 (India)",40
364,0.5162319,Ashok Nagar,"BTP099 - Cash Pharmacy, Residency Road",SCHOOL VEHICLE,"Field Marshal KM Cariappa Road, Prestige Towers, Richmond Town, Bengaluru, Karnataka. Pin-560025 (India)",40
363,0.5162319,Banaswadi,No Junction,SCOOTER,"2nd Main Road, Kasturi Nagar, Banaswadi, Bengaluru, Karnataka. Pin-560043 (India)",68
362,0.5162319,Banaswadi,No Junction,CAR,"Railway Line Road, NGEF Layout, Benaiganahalli, Bengaluru, Karnataka. Pin-560038 (India)",128
6,0.5162319,Cubbon Park,No Junction,SCOOTER,"Sri ML Subbaraju Road, Mahatma Gandhi Circle, Shivaji Nagar, Bengaluru, Karnataka. Pin-560001 (India)",78
360,0.5162319,Pulikeshinagar(F.Town),No Junction,CAR,"Cleveland Road, Sarvanton Circle, Frazer Town, Bengaluru, Karnataka. Pin-560005 (India)",43
189,0.5162319,Shivajinagar,BTP211 - Central Street Junction,SCOOTER,"Union Road, Shivaji Nagar, Bengaluru, Karnataka. Pin-560001 (India)",54
201,0.5162319,Jalahalli,No Junction,SCOOTER,"Chikka Banavara RS Road, Prasad Enclave, Jalahalli, Bengaluru, Karnataka. Pin-560015 (India)",249
202,0.5162319,K.G. Halli,No Junction,CAR,"5th Cross Road, Block 5 Stage 1, HBR Layout, Bengaluru, Karnataka. Pin-560043 (India)",384
356,0.5162319,Electronic City,No Junction,CAR,"Hosur Road, Nanjuda Reddy Layout, Phase 1, Electronic City, Bengaluru, Karnataka. Pin-560100 (India)",61
185,0.5162319,Bellandur,No Junction,SCOOTER,"Outer Ring Road, Sajapur Junction, Bellandur, Bengaluru, Karnataka. Pin-560102 (India)",274
354,0.5162319,Electronic City,No Junction,SCOOTER,"Hosur Road, Sattva Texonic, Bommasandra Industrial Area, Bommasandra, Bengaluru, Karnataka. Pin-560099 (India)",49
50,0.5162319,Bellandur,No Junction,CAR,"Chikkabellanduru Road, Ram Circle, Hadosiddapura, Bengaluru, Karnataka. Pin-560035 (India)",134
223,0.5162319,Wilson Garden,BTP122 - Siddapura Junction,PASSENGER AUTO,"Siddhapura Road, B Venkata Reddy Nagar, Siddapura, Jayanagar East, Bengaluru, Karnataka. Pin-560011 (India)",77
297,0.5162319,Hulimavu,No Junction,SCOOTER,"Bannerghatta Main Road, Prestige Notting Hill, Kalena Agrahara, Bengaluru, Karnataka. Pin-560076 (India)",46
295,0.5162319,Mahadevapura,No Junction,MAXI-CAB,"ITPL Main Road, RMZ Centennial, Industrial Area Phase 1, Doddanekundi, Bengaluru, Karnataka. Pin-560066 (India)",116
142,0.5162319,Byatarayanapura,No Junction,SCOOTER,"4th Main Road, KPA Block, Chandra Layout Stage 2, Bengaluru, Karnataka. Pin-560040 (India)",982
292,0.5162319,Bellandur,No Junction,MAXI-CAB,"Doddakannelli Road, Prestige Sunnyside ELM, Bhoganahalli, Bengaluru, Karnataka. Pin-560103 (India)",80
256,0.5162319,HSR Layout,No Junction,SCOOTER,"19th Main Road, Sector 2, HSR Layout, Bengaluru, Karnataka. Pin-560102 (India)",76
257,0.5162319,J.P. Nagar,No Junction,CAR,"24th Main Road, Sri SN Venkatesh Reddy Circle, JP Nagar Phase 6, Bengaluru, Karnataka. Pin-560078 (India)",53
106,0.5162319,Kengeri,No Junction,CAR,"Sri Sri Sri Tiruchi Mahaswamiji Road, Ideal Home Township, Rajarajeshwari Nagar, Bengaluru, Karnataka. Pin-560098 (India)",82
194,0.5162319,Banaswadi,No Junction,CAR,"Dr APJ Abdul Kalam Marg, Sir CV Raman Circle, CV Raman Nagar, Bengaluru, Karnataka. Pin-560093 (India)",76
259,0.5162319,City Market,BTP167 - JC Road Junction,PASSENGER AUTO,"5th Cross Road, Kalasipalyam New Extension, Bengaluru, Karnataka. Pin-560002 (India)",43
286,0.5162319,Byatarayanapura,BTP098 - Nayandahalli Junction,MAXI-CAB,"Nayanda Halli, Bengaluru West City Corporation, Bengaluru, Bangalore South, Bengaluru Urban, Karnataka, 560039, India",56
285,0.5162319,Cubbon Park,BTP063 - Siddalingaiah Circle,CAR,"Cubbon Park Road, Siddalingaiah Circle, Gandhi Nagar, Bengaluru, Karnataka. Pin-560001 (India)",80
108,0.5162319,Peenya,No Junction,SCOOTER,"Mumbai Bengaluru Highway, Sobha Garrison, Nagasandra, Bengaluru, Karnataka. Pin-560073 (India)",162
115,0.5162319,Mico Layout,BTP140 - Madiwala Check Post,CAR,"1st Main Road, Prestige Lexington Towers, Sadduguntepalya, Bengaluru, Karnataka. Pin-560029 (India)",226
282,0.5162319,Wilson Garden,BTP103 - Shanti Nagar TTMC,CAR,"Sri Kolada Mata Road, Sudama Nagar, Wilson Garden, Bengaluru, Karnataka. Pin-560027 (India)",48
280,0.5162319,Cubbon Park,No Junction,SCOOTER,"Church Street, KP New Extension, Shanthala Nagar, Bengaluru, Karnataka. Pin-560001 (India)",73
279,0.5162319,Halasuru Gate,BTP203 - RRMR Junction,SCOOTER,"Raja Ram Mohan Roy Road, Sampangiram Nagar, Bengaluru, Karnataka. Pin-560027 (India)",46
261,0.5162319,Jalahalli,No Junction,SCOOTER,"Abbigere Main Road, Patel Shamanna Layout, Kammagondanahalli, Bengaluru, Karnataka. Pin-560015 (India)",63
262,0.5162319,Whitefield,No Junction,CAR,"Muthsandra Main Road, KSRTC Travel House Junction, Varthur Marattahalli, Bengaluru, Karnataka. Pin-560087 (India)",88
276,0.5162319,Magadi Road,BTP074 - Leprosy Hospital Junction,SCOOTER,"Binny Mill Main Road, Railway Quarters, Subhash Nagar, Sevashrama, Bengaluru, Karnataka. Pin-560023 (India)",48
263,0.5162319,Bellandur,No Junction,SCOOTER,"Haralur Road, Madduramma Junction, Ambalipura, Bengaluru, Karnataka. Pin-560102 (India)",43
133,0.5162319,Pulikeshinagar(F.Town),No Junction,CAR,"Wheeler Road, Sindhi Colony, Cox Town, Bengaluru, Karnataka. Pin-560005 (India)",107
273,0.5162319,Vijayanagara,No Junction,SCOOTER,"1st A Main Road, Billiards Junction, Vijaya Nagar Stage 2, Bengaluru, Karnataka. Pin-560040 (India)",46
127,0.5162319,Kamakshipalya,No Junction,SCOOTER,"Andhrahalli Main Road, Soundarya Layout, Andhrahalli, Bengaluru, Karnataka. Pin-560091 (India)",54
271,0.5162319,Pulikeshinagar(F.Town),No Junction,CAR,"Memorial Road, Sulthan Nagar, Shivaji Nagar, Bengaluru, Karnataka. Pin-560051 (India)",112
94,0.5162319,J.P. Nagar,"BTP197 - 9th Cross, 24th Main, JP Nagar",CAR,"5th Cross Road, Manjunath Colony, JP Nagar Phase 2, Bengaluru, Karnataka. Pin-560078 (India)",119
144,0.5162319,K.R. Pura,No Junction,CAR,,51
120,0.5162319,Bellandur,No Junction,SCOOTER,"Amrita College Road, Bhuvi Colony, Kasavanahalli, Bengaluru, Karnataka. Pin-560035 (India)",79
299,0.5162319,HAL Old Airport,No Junction,SCOOTER,"Suranjan Das Road, HAL Circle, Airport Area, Bengaluru, Karnataka. Pin-560017 (India)",298
324,0.5162319,Halasuru Gate,BTP203 - RRMR Junction,CAR,"Raja Ram Mohan Roy Road, Sampangiram Nagar, Bengaluru, Karnataka. Pin-560027 (India)",51
225,0.5162319,K.S. Layout,No Junction,MOPED,"4th Main Road, AGS Layout, Subramanyapura, Bengaluru South City Corporation, Bengaluru, Bangalore South, Bengaluru Urban, Karnataka, 560061, India",55
322,0.5162319,Banaswadi,No Junction,SCOOTER,"Sri Vinayaka Temple Main Road, Sait Palya, Lingarajapuram, Bengaluru, Karnataka. Pin-560084 (India)",44
62,0.5162319,Kengeri,No Junction,SCOOTER,"Global City Tech Park Road, Mylasandra Village, Mylasandara, Bengaluru, Karnataka. Pin-560059 (India)",51
320,0.5162319,V.V.Puram (C.Pet),BTP105 - Shivasankara Circle,SCOOTER,"Kondajji Basappa Road, Parvatipuram, VV Puram, Bengaluru, Karnataka. Pin-560004 (India)",115
318,0.5162319,Adugodi,BTP140 - Madiwala Check Post,CAR,"17th Main Road, Industrial Layout, Block 5, Koramangala, Bengaluru, Karnataka. Pin-560095 (India)",41
227,0.5162319,Kodigehalli,No Junction,MOTOR CYCLE,"3rd Main Road, Sanjay Nagar, Bengaluru, Karnataka. Pin-560094 (India)",75
316,0.5162319,Kodigehalli,No Junction,SCOOTER,"Dr Rajgopal Road, Infantry Towers, Naidu Layout, Sanjay Nagar, Bengaluru, Karnataka. Pin-560094 (India)",48
167,0.5162319,J.P. Nagar,BTP196 - Sarakki Main Road,MOTOR CYCLE,"9th Cross Road, IG Circle, JP Nagar Phase 1, Bengaluru, Karnataka. Pin-560078 (India)",49
314,0.5162319,Jayanagara,"BTP190 - 36th Cross, 4th Main, Jayanagar",SCOOTER,"4th Main Road, Block 5, Jayanagar, Bengaluru, Karnataka. Pin-560041 (India)",105
313,0.5162319,Jeevanbheemanagar,No Junction,CAR,"100 Feet Road, New Binnamangla, Indiranagar, Bengaluru, Karnataka. Pin-560038 (India)",44
311,0.5162319,Mahadevapura,No Junction,SCOOTER,"Industrial Park Road, Le Terrace, Hoodi, Bengaluru, Karnataka. Pin-560048 (India)",65
165,0.5162319,Jayanagara,BTP219 - Canara Bank Junction,CAR,"11th Main Road, Geetha Colony, Jayanagar, Bengaluru, Karnataka. Pin-560011 (India)",141
164,0.5162319,V.V.Puram (C.Pet),BTP106 - VV Puram College,CAR,"Sajjan Rao Circle, Sajjan Rao Circle, VV Puram, Bengaluru, Karnataka. Pin-560004 (India)",88
159,0.5162319,Banaswadi,No Junction,SCOOTER,"CMR Road, Jahnavi Layout, Kalyan Nagar, Bengaluru, Karnataka. Pin-560043 (India)",152
158,0.5162319,Ashok Nagar,BTP172 - Nanjappa Circle,SCOOTER,"Rhenius Street, Nanjappa Circle, Richmond Town, Bengaluru, Karnataka. Pin-560025 (India)",68
157,0.5162319,Jayanagara,No Junction,SCOOTER,"8th Main Road, LIC Colony Junction, Jayanagar East, Bengaluru, Karnataka. Pin-560011 (India)",46
75,0.5162319,K.S. Layout,No Junction,CAR,"Subramanyapura Main Road, Vallabha Nagar, Uttarahalli, Bengaluru, Karnataka. Pin-560061 (India)",125
304,0.5162319,Kodigehalli,No Junction,MOTOR CYCLE,"15th Cross Road, Block D, Sahakara Nagar, Bengaluru, Karnataka. Pin-560092 (India)",53
303,0.5162319,Vijayanagara,BTP214 - 5th Main Chamrajpet  Junction,SCOOTER,"60 Feet Road, Prasanthnagar Circle, Vijaya Nagar North, Bengaluru, Karnataka. Pin-560079 (India)",63
154,0.5162319,Yeshwanthpura,No Junction,CAR,"CV Raman Road, Yeshwanthapura Circle, Yeshwanthpur, Bengaluru, Karnataka. Pin-560022 (India)",361
149,0.5162319,Magadi Road,No Junction,SCOOTER,"Telecom Layout, Adi Chunchanagiri Ward, Bengaluru West City Corporation, Bengaluru, Bangalore North, Bengaluru Urban, Karnataka, 560023, India",47
245,0.5162319,Jalahalli,No Junction,SCOOTER,"Forest Region Road, Vymac Circle, Kammagondanahalli, Bengaluru, Karnataka. Pin-560015 (India)",62
288,0.5162319,Pulikeshinagar(F.Town),No Junction,SCOOTER,"Bouvillon Road, Nanjappa Block, Frazer Town, Bengaluru, Karnataka. Pin-560005 (India)",44
