cluster_id,n_violations,lat,lon,top_station,top_junction,top_vehicle,share_morning,share_evening,share_night,share_weekend,sample_address
2,56214,12.972543295536891,77.57761100844382,Upparpet,BTP082 - KR Market Junction,SCOOTER,0.4207314903760629,0.022805706763439713,0.34176539652043975,0.3276585903867364,"Kalidasa Road, Gandhinagar, Nehru Nagar, Bengaluru Central City Corporation, Bengaluru, Bangalore North, Bengaluru Urban, Karnataka, 560009, India"
3,25122,12.981953119778302,77.60803276615728,Shivajinagar,BTP051 - Safina Plaza Junction,PASSENGER AUTO,0.6039328078974604,0.005612610460950561,0.09656874452670966,0.39367884722553936,"Dispensary Road, Tasker Town, Shivaji Nagar, Bengaluru, Karnataka. Pin-560001 (India)"
32,10246,13.010300043254174,77.5533427284025,Malleshwaram,No Junction,CAR,0.5322076908061683,0.0016591840718329105,0.23980089791138004,0.3714620339644739,"80 Feet Ring Road, Orion, Brigade Gateway, Malleshwaram West, Bengaluru, Karnataka. Pin-560055 (India)"
10,10157,12.933374259401132,77.69016117981703,HAL Old Airport,No Junction,SCOOTER,0.338091956286305,0.0,0.4489514620458797,0.15201338978044698,"Outer Ring Road, Prestige Silver Crest, Kadubisanahalli, Bengaluru, Karnataka. Pin-560103 (India)"
5,9769,12.999126981334644,77.54923116034749,Malleshwaram,BTP027 - Modi Bridge Junction,SCOOTER,0.44968778790050157,0.0007165523595045552,0.25744702630770805,0.2901013409765585,"Padmabhushan Dr MC Modi Road, Adarsha Layout, Basaveshwara Nagar, Bengaluru, Karnataka. Pin-560079 (India)"
65,8396,12.974457664156944,77.54733302469228,Vijayanagara,BTP020 - Hosahalli Metro Station,SCOOTER,0.4134111481657932,0.00023820867079561695,0.3189614101953311,0.23415912339209147,"Chord Road, Manuvana, Vijaya Nagar, Bengaluru, Karnataka. Pin-560040 (India)"
58,5409,13.071052465902575,77.58794474739787,Kodigehalli,No Junction,SCOOTER,0.5675725642447772,0.0,0.11647254575707154,0.2993159548899981,"Sahakar Nagar Road, Fortuna Acacia, Byatarayanapura, Bengaluru, Karnataka. Pin-560092 (India)"
23,4752,13.185417447199073,77.68008285278408,Chikkajala,No Junction,CAR,0.22432659932659932,0.006523569023569023,0.506523569023569,0.2988215488215488,"Unnamed Road, Begur Chikkanahalli, Bengaluru, Karnataka. Pin-562149 (India)"
27,4716,12.96716395374087,77.53786940535183,Vijayanagara,"BTP016 - 5th Main Road, RPC Layout",SCOOTER,0.4300254452926209,0.0006361323155216285,0.385284139100933,0.34457167090754875,"20th Main Road, Ganga Government Quarters, MC Layout, Vijaya Nagar, Bengaluru, Karnataka. Pin-560040 (India)"
43,4248,12.998317722686412,77.57076228192429,Malleshwaram,No Junction,CAR,0.5755649717514124,0.0,0.08168549905838042,0.3488700564971751,"Sri Venkataranga Ayangar Road, RR Palace, Malleshwaram, Bengaluru, Karnataka. Pin-560003 (India)"
7,4153,13.008470233733641,77.6953491928279,K.R. Pura,No Junction,SCOOTER,0.22032265831928727,0.1261738502287503,0.4950638092944859,0.3301228027931616,"MBT Road, Devasandra Junction, KR Puram, Bengaluru, Karnataka. Pin-560036 (India)"
33,3929,13.006745273097481,77.57055055568847,Malleshwaram,No Junction,CAR,0.42275388139475695,0.0,0.2822601170781369,0.32221939424790025,"Sri Venkataranga Ayangar Road, Ranganathapura, Malleshwaram, Bengaluru, Karnataka. Pin-560003 (India)"
45,3303,13.035344257384121,77.58903357648482,Hebbala,No Junction,SCOOTER,0.33787465940054495,0.002119285498032092,0.4178019981834696,0.2845897668785952,"Bellary Road, Vinayaka Nagar, Hebbal, Bengaluru, Karnataka. Pin-560024 (India)"
17,2990,12.992605163528566,77.58894404431473,High ground,BTP032 - Windsor Circle,SCOOTER,0.15719063545150502,0.0,0.6929765886287625,0.29264214046822745,"Palace Road, Kumar Park, Vasant Nagar, Bengaluru, Karnataka. Pin-560001 (India)"
102,2756,12.963095326018275,77.71723067586623,HAL Old Airport,No Junction,MAXI-CAB,0.3468795355587808,0.0,0.42779390420899854,0.2663280116110305,"ITPL Main Road, Maruthi Emerald, Thubarahalli, Bengaluru, Karnataka. Pin-560066 (India)"
25,2662,12.973315497053004,77.61817591702952,Halasur,No Junction,CAR,0.26859504132231404,0.0011269722013523666,0.5458302028549963,0.3106686701728024,"Mahatma Gandhi Road, WEBBS Circle Junction, Ashok Nagar, Bengaluru, Karnataka. Pin-560001 (India)"
36,2469,12.959472966990685,77.57706698635074,City Market,BTP104 - Medical College Circle,SCOOTER,0.3770757391656541,0.0004050222762251924,0.24908869987849333,0.3296881328473066,"Kalasipalyam Main Road, Mothinagar, Kalasipalyam, Bengaluru, Karnataka. Pin-560002 (India)"
15,2436,12.939096122958627,77.69683332243704,HAL Old Airport,No Junction,CAR,0.49261083743842365,0.0,0.2372742200328407,0.2261904761904762,"Kadubeesanahalli Underpass, Kadubisanahalli Junction, Kadubisanahalli, Bengaluru, Karnataka. Pin-560103 (India)"
93,2214,12.944074924111714,77.57129202774529,Basavanagudi,BTP108 - Tagore Park Junction,SCOOTER,0.4024390243902439,0.0,0.32700993676603435,0.3157181571815718,"Sri DV Gundappa Road, Shopper Junction, Basavanagudi, Bengaluru, Karnataka. Pin-560004 (India)"
111,2143,12.981275494027065,77.59846450928606,Shivajinagar,BTP042 - Minsk Square Junction (CTO),SCOOTER,0.37004199720018666,0.0,0.460569295380308,0.18618758749416706,"Infantry Road, Mantri Altiue Apartment, Shivaji Nagar, Bengaluru, Karnataka. Pin-560001 (India)"
22,2085,13.00034227066731,77.67692166080886,Mahadevapura,No Junction,PASSENGER AUTO,0.1515587529976019,0.0,0.5261390887290168,0.2158273381294964,"Outer Ring Road, Dargah Mohalla, Mahadevapura, Bengaluru, Karnataka. Pin-560016 (India)"
40,2009,12.99257747715738,77.55331887791529,Rajajinagar,"BTP011 - RR Kalyana Mantapa, Dr. Rajkumar Road",CAR,0.09109009457441514,0.0004977600796416127,0.8018914883026381,0.2613240418118467,"17th Main Road, Block 2, Rajaji Nagar, Bengaluru, Karnataka. Pin-560010 (India)"
21,2006,12.926951099151209,77.678696565403,Bellandur,No Junction,MAXI-CAB,0.1864406779661017,0.0,0.6530408773678963,0.17647058823529413,"Outer Ring Road, Bellandur, Bengaluru, Karnataka. Pin-560103 (India)"
16,1996,12.841900801184774,77.6458046385819,Electronic City,No Junction,SCOOTER,0.13527054108216433,0.0,0.09969939879759519,0.4589178356713427,"Neeladri Road, Ajmera Annex, Karuna Nagar, Doddathogur, Bengaluru, Karnataka. Pin-560100 (India)"
77,1983,12.996270368323911,77.66856570373136,Mahadevapura,No Junction,PASSENGER AUTO,0.4437720625315179,0.0,0.3610690872415532,0.33484619263741805,"MBT Road, Tin Factory Junction, Dooravani Nagar, Bengaluru, Karnataka. Pin-560016 (India)"
39,1913,12.94840568571474,77.6991017133326,HAL Old Airport,No Junction,CAR,0.20961840041819133,0.0,0.5886042864610559,0.20543648719289076,"8th Cross Road, Aishwarya Opulence, Marathahalli Village, Marathahalli, Bengaluru, Karnataka. Pin-560037 (India)"
24,1809,12.957803867431393,77.70159754925886,HAL Old Airport,No Junction,CAR,0.3775566611387507,0.00552791597567717,0.40630182421227196,0.27805417357656165,"HAL Airport Road, MS Reddy Nagar, Marathahalli, Bengaluru, Karnataka. Pin-560037 (India)"
56,1704,12.975713736746918,77.55984632488547,Magadi Road,No Junction,SCOOTER,0.3503521126760563,0.002347417840375587,0.4025821596244131,0.3004694835680751,"G Narayana Kumar Road, Block C, KP Agrahara, Bengaluru, Karnataka. Pin-560023 (India)"
78,1686,12.953178363135331,77.5422692861101,Byatarayanapura,BTP096 - Gali Anjaneya Temple,SCOOTER,0.30723606168446027,0.010083036773428233,0.4169632265717675,0.4276393831553974,"Mysore Road, Satellite Bus Stand Junction, New Timber Yard Layout, Bengaluru, Karnataka. Pin-560026 (India)"
61,1552,12.977086284387957,77.5707722188667,Chamarajpet,BTP048 - Shanthala Junction,PASSENGER AUTO,0.27384020618556704,0.0006443298969072165,0.4536082474226804,0.34213917525773196,"Railway Station Road, Majestic Circle, Majestic, Bengaluru, Karnataka. Pin-560023 (India)"
73,1432,12.985672551785262,77.55433192644796,Rajajinagar,BTP061 - Bhashyam Circle,CAR,0.39175977653631283,0.0,0.37639664804469275,0.29399441340782123,"10th Main Road, Bescom Employees House Building Cooperative Society, Rajaji Nagar, Bengaluru, Karnataka. Pin-560010 (India)"
19,1417,12.995552347646026,77.69572667813357,Mahadevapura,No Junction,PASSENGER AUTO,0.6047988708539167,0.0028228652081863093,0.09103740296400847,0.7113620324629499,"Whitefield Road, VR Mall, Dyavasandra Industrial Estate Phase 2, Mahadevapura, Bengaluru, Karnataka. Pin-560048 (India)"
14,1312,13.00570931126554,77.6858198449921,K.R. Pura,No Junction,CAR,0.3704268292682927,0.0,0.3307926829268293,0.2888719512195122,"MBT Road, ITI Township, KR Puram, Bengaluru, Karnataka. Pin-560016 (India)"
141,1292,12.972060088871729,77.60706056113989,Ashok Nagar,No Junction,SCOOTER,0.26393188854489164,0.029411764705882353,0.34210526315789475,0.3955108359133127,
90,1285,12.935571118210117,77.61553218840467,Adugodi,BTP135 - UCO Bank Junction,SCOOTER,0.3727626459143969,0.07704280155642024,0.15797665369649805,0.4342412451361868,"Contours Women's Fitness Studio Kormangala, 126, 1st A Cross Road, A Adugodi, Bengaluru South City Corporation, Bengaluru, Bangalore South, Bengaluru Urban, Karnataka, 560095, India"
104,1280,12.961984761328125,77.5981477759375,Ashok Nagar,BTP172 - Nanjappa Circle,SCOOTER,0.20390625,0.0,0.68671875,0.20546875,"Cronwell Road, Langford Garden, Richmond Town, Bengaluru, Karnataka. Pin-560025 (India)"
160,1221,12.971740054262245,77.65810047879046,Jeevanbheemanagar,No Junction,SCOOTER,0.35053235053235055,0.0,0.23177723177723178,0.2153972153972154,"Pusa Thippasandra Main Road, Nada Prabhu Kempegowda Circle, New Thippasandra, Bengaluru, Karnataka. Pin-560075 (India)"
83,1220,13.027862811747198,77.57468848231801,Sadashivanagar,No Junction,CAR,0.41147540983606556,0.0,0.2836065573770492,0.30327868852459017,"80 Feet Road, MET Layout, RMV Stage 2, Bengaluru, Karnataka. Pin-560094 (India)"
76,1218,12.906545212600312,77.63001919611364,HSR Layout,No Junction,SCOOTER,0.29720853858784896,0.0008210180623973727,0.19786535303776684,0.3620689655172414,"Hosapalya Main Road, BKL Colony, Bommanahalli, Bengaluru, Karnataka. Pin-560068 (India)"
34,1131,12.92879306463307,77.58493900618922,Jayanagara,"BTP226 - 33rd Cross, 11th Main, Jayanagar",CAR,0.5826702033598585,0.0,0.1229000884173298,0.45800176834659595,"30th Cross Road, BMTC Transport Complex, Block 4, Jayanagar, Bengaluru, Karnataka. Pin-560011 (India)"
8,1130,12.912484203111683,77.63473145916035,HSR Layout,No Junction,SCOOTER,0.24513274336283186,0.006194690265486726,0.10619469026548672,0.3929203539823009,"17th Cross Road, Sector 7, HSR Layout, Bengaluru, Karnataka. Pin-560102 (India)"
4,1115,12.995661540986546,77.6141183896861,Pulikeshinagar(F.Town),No Junction,SCOOTER,0.17309417040358743,0.003587443946188341,0.29596412556053814,0.30134529147982064,"1st Cross Road, Silver Enclave, Frazer Town, Bengaluru, Karnataka. Pin-560005 (India)"
246,1104,12.97032334270474,77.64693673185023,Jeevanbheemanagar,No Junction,CAR,0.33695652173913043,0.0009057971014492754,0.17572463768115942,0.5597826086956522,"7th Cross Road, Old Thippasandra, Indiranagar, Bengaluru, Karnataka. Pin-560008 (India)"
186,1024,12.928638701074219,77.58099648359375,Jayanagara,"BTP189 - New Diagonal Road, Jayanagar",SCOOTER,0.4697265625,0.0,0.2509765625,0.2685546875,"Sri Vinayaka Temple Road, Shri Vinayaka Circle, Jayanagar, Bengaluru, Karnataka. Pin-560011 (India)"
134,987,12.989465189665655,77.59965523718338,Shivajinagar,No Junction,CAR,0.2198581560283688,0.00911854103343465,0.5096251266464032,0.27152988855116517,"Queens Road, Nayak Circle, Shivaji Nagar, Bengaluru, Karnataka. Pin-560051 (India)"
142,982,12.960830611141361,77.52825589321664,Byatarayanapura,No Junction,SCOOTER,0.41140529531568226,0.0,0.26782077393075354,0.22606924643584522,"4th Main Road, KPA Block, Chandra Layout Stage 2, Bengaluru, Karnataka. Pin-560040 (India)"
114,975,12.990335903384615,77.57315470615384,Sheshadripuram,No Junction,CAR,0.5476923076923077,0.0,0.17846153846153845,0.2841025641025641,"J Lingaiah Road, Shree MG Seshadri Circle, Seshadripuram, Bengaluru, Karnataka. Pin-560020 (India)"
55,973,13.047496162384377,77.57585758941418,Kodigehalli,No Junction,MOTOR CYCLE,0.30935251798561153,0.0,0.5323741007194245,0.32476875642343267,"Bhadrappa Flyover, Nagashetty Halli, RMV Stage 2, Bengaluru, Karnataka. Pin-560094 (India)"
80,944,13.191251906652543,77.64622627102756,Chikkajala,No Junction,CAR,0.2542372881355932,0.0,0.4269067796610169,0.2669491525423729,"Ronald Colaco Road, Sadahalli Gate Junction, Navarathna Agrahara, Bengaluru, Karnataka. Pin-562157 (India)"
26,930,12.97137633591398,77.59750382043012,Cubbon Park,BTP063 - Siddalingaiah Circle,CAR,0.5258064516129032,0.0,0.1924731182795699,0.2956989247311828,"Walton Road, Walton Road Circle, Shanthala Nagar, Bengaluru, Karnataka. Pin-560001 (India)"
13,910,12.969730373811874,77.64019919209314,Jeevanbheemanagar,No Junction,CAR,0.4142857142857143,0.001098901098901099,0.11428571428571428,0.4164835164835165,"12th Main Road, Sony World Junction, Indiranagar, Bengaluru, Karnataka. Pin-560008 (India)"
20,907,12.892070964302745,77.63795726140543,Hulimavu,No Junction,CAR,0.175303197353914,0.0,0.6703417861080485,0.24917309812568908,"Electronics City Flyover, Ozone Manay Tech Park, Garvebhavi Palya, Bengaluru, Karnataka. Pin-560068 (India)"
53,828,12.993665981763286,77.66265148514493,Banaswadi,No Junction,SCOOTER,0.3103864734299517,0.0036231884057971015,0.0821256038647343,0.30434782608695654,"Kaggadaspura Main Road, Gopalan Grand Mall, Nagavara Palya, CV Raman Nagar, Bengaluru, Karnataka. Pin-560093 (India)"
67,817,13.063178563402696,77.58943068837209,Kodigehalli,No Junction,CAR,0.07221542227662178,0.0,0.22643818849449204,0.2974296205630355,"20th Main Road, RMS Layout, Sahakara Nagar, Bengaluru, Karnataka. Pin-560092 (India)"
79,816,12.964377198651961,77.55395040367647,Magadi Road,No Junction,SCOOTER,0.36151960784313725,0.0,0.44485294117647056,0.30637254901960786,"Hosahalli Main Road, Umar Farooq Nagar, Padarayanapura, Bengaluru, Karnataka. Pin-560018 (India)"
46,814,12.959567712640956,77.64509517092202,Jeevanbheemanagar,No Junction,MAXI-CAB,0.20515970515970516,0.0,0.5749385749385749,0.2972972972972973,"Golf Avenue Road, Muniallappa Garden, Kodihalli, Bengaluru, Karnataka. Pin-560008 (India)"
69,814,12.988068256827336,77.5375724009866,Vijayanagara,BTP208 - Havanur Circle,CAR,0.5491400491400491,0.0,0.24078624078624078,0.28132678132678135,"80 Feet Road, Havanur Circle, Basaveshwara Nagar, Bengaluru, Karnataka. Pin-560079 (India)"
30,770,12.911683414545452,77.6380994196104,HSR Layout,No Junction,SCOOTER,0.4077922077922078,0.0,0.14155844155844155,0.36493506493506495,"13th Main Road, The Metropolitan Cooperative Housing Society, Sector 4, HSR Layout, Bengaluru, Karnataka. Pin-560102 (India)"
89,769,12.980425527965798,77.55675872373139,Magadi Road,BTP010 - Rajajinagar Entrance,SCOOTER,0.3237971391417425,0.0,0.3511053315994798,0.31339401820546164,"80 Feet Ring Road, Sri SV Chenna Krishnaiah Circle, Rajaji Nagar, Bengaluru, Karnataka. Pin-560010 (India)"
101,759,13.097105698945981,77.5994979660079,Yelahanka,No Junction,SCOOTER,0.03557312252964427,0.0,0.9459815546772069,0.22397891963109354,"Bellary Road, Raitarasanthe, Nehru Nagar, Bengaluru, Karnataka. Pin-560064 (India)"
125,709,12.995360005923835,77.61028465176304,Pulikeshinagar(F.Town),No Junction,CAR,0.09873060648801128,0.0,0.8081805359661495,0.22708039492242596,"Saunders Road, Sarvanton Circle, Frazer Town, Bengaluru, Karnataka. Pin-560005 (India)"
266,688,12.932383537063954,77.63170500813953,Adugodi,No Junction,CAR,0.3372093023255814,0.0,0.565406976744186,0.5043604651162791,"Srinivagilu Main Road, ST Bed Layout Extension, Block 4, Koramangala, Bengaluru, Karnataka. Pin-560034 (India)"
107,688,13.000333580232558,77.6113183741279,Pulikeshinagar(F.Town),No Junction,SCOOTER,0.3372093023255814,0.0014534883720930232,0.28488372093023256,0.39825581395348836,"Achutarya Mudaliar Road, Puttanna Junction, Frazer Town, Bengaluru, Karnataka. Pin-560005 (India)"
128,677,12.988613326695889,77.55017320324943,Vijayanagara,"BTP170 - Dr. Bheem Rao Palace, Chord Road",CAR,0.4519940915805022,0.0,0.3810930576070901,0.34268833087149186,"Chord Road, Shivanahalli Junction, Rajaji Nagar, Bengaluru, Karnataka. Pin-560010 (India)"
168,673,12.971442746592263,77.71197295782488,HAL Old Airport,No Junction,CAR,0.1649331352154532,0.0,0.5809806835066865,0.21842496285289748,"ITPL Main Road, Sterling Brook Side Apartment, Kundalhalli, Bengaluru, Karnataka. Pin-560037 (India)"
121,658,13.070832877767465,77.5922413352204,Kodigehalli,No Junction,CAR,0.5927051671732523,0.0,0.182370820668693,0.4148936170212766,"Bellary Road, Vista Pixel, Jakkuru Layout, Jakkuru, Bengaluru, Karnataka. Pin-560064 (India)"
66,617,13.01797115267423,77.53161141685575,Rajajinagar,No Junction,CAR,0.4181523500810373,0.0,0.3824959481361426,0.24311183144246354,"Dr Rajkumar Puniya Bhoomi Road, Sri Annamma Devi Circle, Nandini Layout, Bengaluru, Karnataka. Pin-560096 (India)"
132,612,13.030556639677817,77.53656711510368,Yeshwanthpura,No Junction,CAR,0.434640522875817,0.006535947712418301,0.3937908496732026,0.3415032679738562,"4th Main Road, Ramana Joythi Apartment, Yeshwanthpur Suburb Stage 2, Yeshwanthpur, Bengaluru, Karnataka. Pin-560022 (India)"
117,603,12.913684254726366,77.60647984278607,Mico Layout,No Junction,SCOOTER,0.3018242122719735,0.0,0.3333333333333333,0.4494195688225539,"7th Cross Road, MICO Employees House Building Cooperative Society, BTM Layout Stage 2, Bengaluru, Karnataka. Pin-560076 (India)"
105,601,12.90806554575707,77.60078947620633,Mico Layout,BTP130 - GD Mara Junction,SCOOTER,0.5806988352745425,0.0,0.15973377703826955,0.39767054908485855,"1st Cross Road, GD Mara Slum, BTM Layout Stage 2, Bengaluru, Karnataka. Pin-560076 (India)"
9,598,12.899678595987293,77.67546321208172,Bellandur,No Junction,CAR,0.3745819397993311,0.0,0.25418060200668896,0.4080267558528428,"Amrutha College Road, Azalea, Owners Court Layout, Kasavanahalli, Bengaluru, Karnataka. Pin-560035 (India)"
63,597,12.987592266499163,77.73468456080403,Mahadevapura,No Junction,MOTOR CYCLE,0.2814070351758794,0.0,0.5125628140703518,0.07370184254606366,"Whitefield Road, Hoodi, Bengaluru East City Corporation, Bengaluru, Bangalore East, Bengaluru Urban, Karnataka, 560048, India"
74,569,12.95971017809952,77.64901875694085,Jeevanbheemanagar,No Junction,PASSENGER AUTO,0.4024604569420035,0.0,0.3655536028119508,0.351493848857645,"Old Airport Road, Manipal Hospital Junction, Kodihalli, Bengaluru, Karnataka. Pin-560008 (India)"
72,557,12.98253152854578,77.5489562529623,Magadi Road,"BTP024 - NPS, Vijayanagar",CAR,0.30341113105924594,0.0,0.3985637342908438,0.49012567324955114,"20th Main Road, Stage 1 Phase 6, Sri Mahaganapathi Nagar, Rajaji Nagar, Bengaluru, Karnataka. Pin-560010 (India)"
0,556,12.9252195861281,77.61892538375857,Madiwala,BTP137 - Madiwala Traffic PS Junction,CAR,0.39928057553956836,0.0,0.5161870503597122,0.24820143884892087,"18th Main Road, Block 2, Koramangala, Bengaluru, Karnataka. Pin-560068 (India)"
12,546,12.996326923809525,77.56313057344323,Sheshadripuram,No Junction,SCOOTER,0.5915750915750916,0.0018315018315018315,0.2271062271062271,0.23809523809523808,"4th Main Road, Nagappa Block, Srirampuram, Bengaluru, Karnataka. Pin-560021 (India)"
130,546,12.885559980984958,77.64159261868056,Hulimavu,No Junction,CAR,0.10805860805860806,0.0,0.7582417582417582,0.2875457875457875,"2nd Cross Road, Industrial Layout, Begur, Bengaluru, Karnataka. Pin-560068 (India)"
138,528,12.97072129962121,77.54637587159091,Vijayanagara,BTP020 - Hosahalli Metro Station,SCOOTER,0.4109848484848485,0.0,0.45075757575757575,0.32954545454545453,"4th Main Road, Manuvana, Vijaya Nagar, Bengaluru, Karnataka. Pin-560040 (India)"
137,519,12.876268878805396,77.5959911071291,Hulimavu,No Junction,SCOOTER,0.25626204238921,0.0,0.16955684007707128,0.28709055876685935,"Bannerghatta Main Road, Royal Meenakshi Mall, Hulimavu, Bengaluru, Karnataka. Pin-560076 (India)"
84,514,12.917020541001213,77.57355269597028,Banashankari,"BTP115 - Sahasra Hospital, Jayanagar",SCOOTER,0.33852140077821014,0.0,0.5019455252918288,0.3463035019455253,
98,495,12.95485776929293,77.58526090646464,Wilson Garden,BTP192 - Urvashi Theater,CAR,0.40404040404040403,0.0,0.49696969696969695,0.29494949494949496,"Lalbagh Main Road, Javaraiah Circle, Wilson Garden, Bengaluru, Karnataka. Pin-560027 (India)"
96,491,12.979181635342654,77.69511432006475,Mahadevapura,No Junction,MAXI-CAB,0.29327902240325865,0.0,0.5865580448065173,0.1934826883910387,"Ferns City Road, Doddanekundi, Bengaluru, Karnataka. Pin-560037 (India)"
1,490,12.957309262653062,77.51880321551022,Byatarayanapura,No Junction,SCOOTER,0.32653061224489793,0.0,0.16326530612244897,0.35714285714285715,"6th Cross Road, Manasa Layout, Nagarbhavi, Bengaluru, Karnataka. Pin-560072 (India)"
155,474,13.050037863502109,77.5931316329114,Kodigehalli,No Junction,CAR,0.2721518987341772,0.0,0.6286919831223629,0.28270042194092826,"Bellary Road, Esteem Mall, Hebbal Kempapura, Bengaluru, Karnataka. Pin-560024 (India)"
119,466,12.960957536695279,77.51170914291845,Jnanabharathi,No Junction,CAR,0.3540772532188841,0.0,0.13304721030042918,0.3369098712446352,"Mallathahalli Road, Sri Gurukrupa Layout, Nagarbhavi Stage 2, Bengaluru, Karnataka. Pin-560072 (India)"
52,464,12.983727997786527,77.57760552721723,High ground,BTP054 - Shivananda Circle,CAR,0.3728448275862069,0.0,0.3728448275862069,0.3275862068965517,"Race Course Cross Road, C Ranga Swamy Circle, Gandhi Nagar, Bengaluru, Karnataka. Pin-560001 (India)"
48,462,13.022923262554112,77.59289891709957,R.T. Nagar,No Junction,SCOOTER,0.30735930735930733,0.0,0.37012987012987014,0.13203463203463203,"10th Main Road, P&T Colony, RT Nagar, Bengaluru, Karnataka. Pin-560032 (India)"
153,458,12.977115339956335,77.58985068733625,Cubbon Park,BTP041 - Gopal Gowda Circle,SCOOTER,0.2292576419213974,0.0,0.6331877729257642,0.1965065502183406,"Dr Ambedkar Road, Shanthaveri Gopalagowda Circle, Gandhi Nagar, Bengaluru, Karnataka. Pin-560001 (India)"
35,456,12.978258251452157,77.63974730478559,Jeevanbheemanagar,No Junction,SCOOTER,0.5043859649122807,0.0,0.21929824561403508,0.2982456140350877,"Chinmaya Mission Hospital Road, BM Sri Circle, Indiranagar, Bengaluru, Karnataka. Pin-560038 (India)"
183,442,12.941649519715497,77.56708709296355,Basavanagudi,No Junction,CAR,0.2420814479638009,0.0,0.6244343891402715,0.2918552036199095,"5th Main Road, Dhondusa Layout, Basavanagudi, Bengaluru, Karnataka. Pin-560004 (India)"
131,432,12.870459975372894,77.65447279671416,Electronic City,No Junction,SCOOTER,0.2662037037037037,0.0,0.1875,0.2337962962962963,"Hosa Road, Navami Funique, Channakeshava Nagar, Singasandra, Bengaluru, Karnataka. Pin-560100 (India)"
87,430,12.98660860488372,77.57447157604652,Sheshadripuram,No Junction,CAR,0.24651162790697675,0.0,0.5279069767441861,0.3,"Padmabhushan Dr RK Srikantan Road, Seshadripuram Police Station Junction, Seshadripuram, Bengaluru, Karnataka. Pin-560020 (India)"
47,428,12.912113855848814,77.62587803256532,HSR Layout,No Junction,CAR,0.3855140186915888,0.007009345794392523,0.3107476635514019,0.26869158878504673,"Hosur Road, Krimson Square, Muneshwara Nagar, HSR Layout, Bengaluru, Karnataka. Pin-560102 (India)"
81,420,12.967947503895196,77.58856043413745,Halasuru Gate,BTP076 - Hudson Circle,SCOOTER,0.3380952380952381,0.0,0.4976190476190476,0.23095238095238096,"Kasturba Road, Hudson Circle, Nagartapete, Bengaluru, Karnataka. Pin-560002 (India)"
60,420,13.023821369958005,77.58496551256219,R.T. Nagar,No Junction,CAR,0.5452380952380952,0.0,0.23095238095238096,0.2642857142857143,"1st Main Road, Dena Bank Colony, Ganga Nagar, Bengaluru, Karnataka. Pin-560032 (India)"
57,419,12.937192306514765,77.58495421815894,Wilson Garden,No Junction,SCOOTER,0.31026252983293556,0.03341288782816229,0.081145584725537,0.3436754176610978,"Sri Nitturu Srinivasarao Road, Madhavan Circle, Jayanagar East, Bengaluru, Karnataka. Pin-560011 (India)"
205,411,12.939391960827251,77.58399445766423,Wilson Garden,"BTP186 - 9th Cross, 4th Main, Jayanagar",SCOOTER,0.25790754257907544,0.0413625304136253,0.40145985401459855,0.36253041362530414,"9th Main Road, Block 2, Jayanagar East, Bengaluru, Karnataka. Pin-560011 (India)"
148,402,13.09363896442786,77.59422074999999,Yelahanka,No Junction,SCOOTER,0.4228855721393035,0.0,0.2537313432835821,0.4154228855721393,"Allalasandra Main Road, Taralabalu Enclave, Yelahanka, Bengaluru, Karnataka. Pin-560064 (India)"
178,400,13.027476542499999,77.54273624475,Yeshwanthpura,No Junction,MOTOR CYCLE,0.42,0.0,0.3125,0.515,"1st Main Road, Sri Vijayamaruthi Circle, Yeshwanthpur, Bengaluru, Karnataka. Pin-560022 (India)"
92,398,13.007926727889448,77.52674146783919,Rajajinagar,No Junction,CAR,0.4899497487437186,0.0,0.36432160804020103,0.24120603015075376,"Laggere Main Road, Malleshwar Layout, Laggere, Bengaluru, Karnataka. Pin-560058 (India)"
188,390,12.95143124974158,77.71749372344273,Whitefield,No Junction,SCOOTER,0.46923076923076923,0.007692307692307693,0.3435897435897436,0.2692307692307692,"Vibgyor High School Road, Samhita Rainbow MTB Apartment, Green Garden Layout, Munnekolala, Bengaluru, Karnataka. Pin-560037 (India)"
202,384,13.03494507734375,77.62459842682291,K.G. Halli,No Junction,CAR,0.10416666666666667,0.0,0.8619791666666666,0.4713541666666667,"5th Cross Road, Block 5 Stage 1, HBR Layout, Bengaluru, Karnataka. Pin-560043 (India)"
100,373,12.930916013404826,77.60659014638071,Mico Layout,No Junction,SCOOTER,0.2680965147453083,0.0,0.5764075067024129,0.3672922252010724,"Sadduguntepalya Road, Bharthi Layout, Sadduguntepalya, Bengaluru, Karnataka. Pin-560029 (India)"
88,371,12.957951168194072,77.58635563800539,Wilson Garden,BTP192 - Urvashi Theater,CAR,0.41778975741239893,0.0,0.3557951482479784,0.22911051212938005,"Lalbagh Main Road, Pride Hulkul, Vinoba Nagar, Kalasipalyam, Bengaluru, Karnataka. Pin-560027 (India)"
229,370,12.840664216222002,77.6767498538604,Electronic City,No Junction,SCOOTER,0.5081081081081081,0.03513513513513514,0.11621621621621622,0.23783783783783785,"Hosur Road, Salarpuria Sattva Alexandria Tech Park, Veerasandra Industrial Area, Bengaluru, Karnataka. Pin-560100 (India)"
154,361,13.018803618993728,77.55791854931488,Yeshwanthpura,No Junction,CAR,0.29085872576177285,0.0,0.48753462603878117,0.30193905817174516,"CV Raman Road, Yeshwanthapura Circle, Yeshwanthpur, Bengaluru, Karnataka. Pin-560022 (India)"
212,354,12.935947713841808,77.51790457372881,Byatarayanapura,No Junction,SCOOTER,0.4406779661016949,0.0,0.1694915254237288,0.3785310734463277,"Mysore Road, Gopalan Arcade, Nayandahalli, Bengaluru, Karnataka. Pin-560039 (India)"
51,350,12.996645164839844,77.58426696371943,Sheshadripuram,BTP032 - Windsor Circle,CAR,0.7885714285714286,0.0,0.014285714285714285,0.30857142857142855,"Sankey Road, RV Layout, Seshadripuram, Bengaluru, Karnataka. Pin-560020 (India)"
54,334,12.888651374846305,77.56272585009098,Thalagattapura,No Junction,SCOOTER,0.6497005988023952,0.0,0.11676646706586827,0.23652694610778444,"Canara Bank Cross Road, Konanakunte Junction, Konanakunte, Bengaluru, Karnataka. Pin-560062 (India)"
95,327,12.87597219296636,77.64789420061162,Hulimavu,No Junction,CAR,0.04281345565749235,0.0,0.6880733944954128,0.382262996941896,"Hosur Road, Singasandra Industrial Estate, Begur, Bengaluru, Karnataka. Pin-560068 (India)"
44,326,12.926725437116566,77.55079300582821,Banashankari,BTP155 - Katriguppe Junction,SCOOTER,0.49079754601226994,0.0,0.2883435582822086,0.1656441717791411,"Dr Vishwesha Teertha Swamy Gala Road, Kathriguppe Circle, Banashankari Stage 3, Bengaluru, Karnataka. Pin-560085 (India)"
230,306,13.039999585185187,77.51858214509804,Peenya,No Junction,PASSENGER AUTO,0.3888888888888889,0.0,0.4084967320261438,0.3104575163398693,"SM Road, Jalahalli Cross Junction, Peenya, Bengaluru, Karnataka. Pin-560058 (India)"
299,298,12.9585747,77.66823069395973,HAL Old Airport,No Junction,SCOOTER,0.05704697986577181,0.03691275167785235,0.8221476510067114,0.2751677852348993,"Suranjan Das Road, HAL Circle, Airport Area, Bengaluru, Karnataka. Pin-560017 (India)"
250,292,12.966408055479452,77.64152483869864,Jeevanbheemanagar,"BTP148 - 17th Main, Doopanahalli Bus Stop",CAR,0.3732876712328767,0.0273972602739726,0.03424657534246575,0.6678082191780822,"Domlur Inner Ring Road, Dr BR Ambedkar Circle, Indiranagar, Bengaluru, Karnataka. Pin-560008 (India)"
175,291,13.121581038316151,77.6311646434708,Chikkajala,No Junction,CAR,0.15120274914089346,0.0,0.46735395189003437,0.2611683848797251,"Bagaluru Main Road, Niranthara Layout, Dwarka Nagar, Kattigenahalli, Bengaluru, Karnataka. Pin-560063 (India)"
123,281,13.033890360660466,77.55781856684186,Yeshwanthpura,No Junction,SCOOTER,0.3594306049822064,0.0,0.5836298932384342,0.298932384341637,"MS Ramaiah Road, Nada Prabhu Kempegowda Circle, Mathikere, Bengaluru, Karnataka. Pin-560054 (India)"
42,280,12.94513442563944,77.59502085789285,Wilson Garden,"BTP123 - 10th Cross, Wilson Garden",SCOOTER,0.4642857142857143,0.0,0.35,0.36428571428571427,"3rd Cross Road, Arepanahalli, Wilson Garden, Bengaluru, Karnataka. Pin-560027 (India)"
185,274,12.920947731197614,77.66538561435053,Bellandur,No Junction,SCOOTER,0.3905109489051095,0.0,0.24452554744525548,0.3613138686131387,"Outer Ring Road, Sajapur Junction, Bellandur, Bengaluru, Karnataka. Pin-560102 (India)"
145,260,12.95788874653846,77.58177066192307,City Market,BTP167 - JC Road Junction,SCOOTER,0.5,0.0,0.23461538461538461,0.26153846153846155,"3rd Cross Road, NKP Layout, Journalist Colony, Bengaluru, Karnataka. Pin-560002 (India)"
11,257,12.988818351841942,77.59220196742132,High ground,BTP034 - LRDE Junction,CAR,0.4280155642023346,0.0,0.2918287937743191,0.33852140077821014,"Millers Road, BKM Gowda Circle, Vasant Nagar, Bengaluru, Karnataka. Pin-560001 (India)"
274,252,12.926735903115913,77.69483060561862,Bellandur,No Junction,CAR,0.15873015873015872,0.0,0.5674603174603174,0.14682539682539683,"Doddakannelli Road, Ambedkar Circle, Devara Beesana Halli, Bengaluru, Karnataka. Pin-560103 (India)"
201,249,13.050488885140561,77.5255347192771,Jalahalli,No Junction,SCOOTER,0.5381526104417671,0.0,0.46184738955823296,0.15261044176706828,"Chikka Banavara RS Road, Prasad Enclave, Jalahalli, Bengaluru, Karnataka. Pin-560015 (India)"
109,249,13.04540183012048,77.50713655180724,Peenya,No Junction,MOTOR CYCLE,0.28112449799196787,0.0321285140562249,0.3253012048192771,0.3855421686746988,"Nelagadaranahalli Main Road, Nelakadirena Halli, T Dasarahalli, Bengaluru, Karnataka. Pin-560073 (India)"
103,246,12.98241981377777,77.56299802940339,Magadi Road,BTP010 - Rajajinagar Entrance,PASSENGER AUTO,0.5609756097560976,0.0,0.10569105691056911,0.37398373983739835,"Old Mysore Road, Block 4N, Ramachandrapuram, Bengaluru, Karnataka. Pin-560021 (India)"
221,245,12.987100533061223,77.58025452816325,High ground,BTP054 - Shivananda Circle,CAR,0.5061224489795918,0.0,0.08979591836734693,0.39183673469387753,"North Park Road, Dr Hardikar Circle, Seshadripuram, Bengaluru, Karnataka. Pin-560001 (India)"
222,240,12.984506949166667,77.56009818416666,Rajajinagar,BTP010 - Rajajinagar Entrance,CAR,0.6458333333333334,0.0,0.26666666666666666,0.3458333333333333,"80 Feet Ring Road, Block 4, Prakash Nagar, Bengaluru, Karnataka. Pin-560021 (India)"
18,237,12.934987754852322,77.5364825679325,Banashankari,No Junction,SCOOTER,0.04219409282700422,0.0,0.9071729957805907,0.10126582278481013,"8th Main Road, Veerannana Guda, Veerabhadra Nagar, Banashankari Stage 3, Bengaluru, Karnataka. Pin-560085 (India)"
358,233,12.992604438626609,77.55803853776824,Rajajinagar,BTP009 - Prakash Nagar Junction,SCOOTER,0.3090128755364807,0.0,0.49356223175965663,0.17167381974248927,"2nd Main Road, Jooganahalli, Block 2, Rajaji Nagar, Bengaluru, Karnataka. Pin-560010 (India)"
115,226,12.93059601858407,77.6097968300885,Mico Layout,BTP140 - Madiwala Check Post,CAR,0.2610619469026549,0.0,0.5353982300884956,0.2831858407079646,"1st Main Road, Prestige Lexington Towers, Sadduguntepalya, Bengaluru, Karnataka. Pin-560029 (India)"
82,219,12.917010460116625,77.67292608105022,Bellandur,No Junction,MOTOR CYCLE,0.3789954337899543,0.0,0.273972602739726,0.2100456621004566,"Sarjapura Main Road, Divyasree Elan Homes, Bellandur, Bengaluru, Karnataka. Pin-560103 (India)"
235,217,13.028921694749158,77.53975341468048,Yeshwanthpura,No Junction,CAR,0.3225806451612903,0.0,0.5668202764976958,0.31336405529953915,"Vivanta By Taj Yeshwantpur Entry Road, RNS Shriniketan, Yeshwanthpur, Bengaluru, Karnataka. Pin-560022 (India)"
85,215,13.04586470604651,77.75033355023255,K.R. Pura,No Junction,CAR,0.34418604651162793,0.0,0.30697674418604654,0.31627906976744186,"MBT Road, Subhams Antique City, Konadasapura, Bengaluru, Karnataka. Pin-560049 (India)"
187,214,12.917059711214954,77.5961531275701,Jayanagara,"BTP202 - East End Main Road, Jayanagar",CAR,0.24766355140186916,0.0,0.48598130841121495,0.5607476635514018,"East End A Main Road, Dr BR Ambedkar Circle, Jayanagar, Bengaluru, Karnataka. Pin-560069 (India)"
110,212,12.989299641037736,77.50060111226415,Kamakshipalya,No Junction,SCOOTER,0.5518867924528302,0.0,0.13679245283018868,0.19339622641509435,"Magadi Main Road, Hanumantharayan Palya, Sunkadakatte, Bengaluru, Karnataka. Pin-560091 (India)"
135,211,13.008497989099528,77.54301716540284,Rajajinagar,No Junction,SCOOTER,0.2890995260663507,0.0,0.4218009478672986,0.35545023696682465,"15th Cross Road, Sumukha, Mahalakshmipuram, Bengaluru, Karnataka. Pin-560086 (India)"
49,205,12.936783013170732,77.60169676390244,Mico Layout,BTP126 - Dairy Circle,SCOOTER,0.14634146341463414,0.0,0.32195121951219513,0.3853658536585366,"Dairy Circle, Dairy Circle Flyover, S.G Palya, Bengaluru South City Corporation, Bengaluru, Bangalore South, Bengaluru Urban, Karnataka, 560029, India"
302,199,12.961212950329378,77.63638273660474,Halasur,"BTP145 - Sri Hatti Maramma Circle, Domluru",CAR,0.36683417085427134,0.0,0.4321608040201005,0.49748743718592964,"Old Airport Road, Attimaramma Circle, Domlur, Bengaluru, Karnataka. Pin-560071 (India)"
237,198,12.96358003519373,77.6415351883084,Jeevanbheemanagar,"BTP148 - 17th Main, Doopanahalli Bus Stop",CAR,0.4797979797979798,0.005050505050505051,0.1919191919191919,0.4292929292929293,"Domlur Inner Ring Road, Baba Saheb Colony, HAL Stage 2, Indiranagar, Bengaluru, Karnataka. Pin-560008 (India)"
196,190,12.999315536315791,77.62485215578945,Pulikeshinagar(F.Town),No Junction,CAR,0.3473684210526316,0.0,0.6473684210526316,0.16842105263157894,"Banaswadi Main Road, Prestige Woodland Park, Maruthi Sevanagar, Bengaluru, Karnataka. Pin-560005 (India)"
37,189,12.906820875619093,77.69667037192437,Bellandur,No Junction,SCOOTER,0.2804232804232804,0.0,0.14814814814814814,0.24338624338624337,"Sarjapura Main Road, Doddakannelli Circle, Doddakannelli, Bengaluru, Karnataka. Pin-560035 (India)"
152,188,12.980143836170214,77.59312897925533,Cubbon Park,BTP047 - Vidhan Soudha Metro Station,CAR,0.4627659574468085,0.0,0.3723404255319149,0.13297872340425532,"Dr Ambedkar Road, Shanthaveri Gopalagowda Circle, Gandhi Nagar, Bengaluru, Karnataka. Pin-560001 (India)"
197,186,12.938252227746874,77.57691800787121,Basavanagudi,BTP216 - Yediyur Junction,CAR,0.10215053763440861,0.0,0.4838709677419355,0.3172043010752688,"Old Kanakapura Road, IndiQube South Summit, Vijayarangam Layout, Jayanagar, Bengaluru, Karnataka. Pin-560004 (India)"
238,185,13.027660888648647,77.58601625189189,R.T. Nagar,No Junction,CAR,0.4,0.0,0.3567567567567568,0.3027027027027027,"CBI Main Road, CBI Quarters, KGH Layout, Ganga Nagar, Bengaluru, Karnataka. Pin-560032 (India)"
203,185,13.05094155081081,77.55268928864865,Jalahalli,No Junction,SCOOTER,0.3945945945945946,0.0,0.4,0.14054054054054055,
91,182,13.004487205788896,77.55349906318806,Malleshwaram,"BTP001 - 10th Cross, Dr. Rajkumar Road",SCOOTER,0.2692307692307692,0.0,0.32967032967032966,0.46153846153846156,"10th Cross Road, Dr Rajkumar Road 10th Cross Junction, Rajaji Nagar, Bengaluru, Karnataka. Pin-560010 (India)"
71,182,12.978253606043957,77.62866258461538,Jeevanbheemanagar,No Junction,SCOOTER,0.6373626373626373,0.0,0.17582417582417584,0.3516483516483517,"Chinmaya Mission Hospital Road, Tamarikannan Junction, Halasuru, Bengaluru, Karnataka. Pin-560008 (India)"
174,181,13.015320471111057,77.55518321876008,Malleshwaram,No Junction,CAR,0.3701657458563536,0.0,0.34806629834254144,0.3701657458563536,"Tumkur Road, Goraguntepalya, Bengaluru West City Corporation, Bengaluru, Bangalore North, Bengaluru Urban, Karnataka, 560022, India"
198,181,12.913748480997898,77.6780591542324,Bellandur,No Junction,SCOOTER,0.5414364640883977,0.0,0.06077348066298342,0.2265193370165746,"Sarjapura Main Road, Sri Venkateshwara Circle, Haralur, Bengaluru, Karnataka. Pin-560035 (India)"
310,180,12.931784712226264,77.69565710695848,HAL Old Airport,No Junction,MAXI-CAB,0.3333333333333333,0.0,0.3,0.12222222222222222,"New Horizon College Road, Prestige Sunnyside ELM, Bhoganahalli, Bengaluru, Karnataka. Pin-560103 (India)"
260,179,12.97374770335196,77.6093784385475,Ashok Nagar,No Junction,CAR,0.6927374301675978,0.0,0.0446927374301676,0.664804469273743,"Field Marshal KM Cariappa Road, ACR Towers, Shanthala Nagar, Bengaluru, Karnataka. Pin-560001 (India)"
191,178,12.987005334512666,77.51923132578533,Kamakshipalya,No Junction,SCOOTER,0.43258426966292135,0.0,0.25842696629213485,0.24157303370786518,"Dr Rajkumar Puniya Bhoomi Road, Sumnahalli Junction, Kamakshipalya, Bengaluru, Karnataka. Pin-560091 (India)"
193,177,13.09965320960452,77.58866427062148,Yelahanka,No Junction,SCOOTER,0.5480225988700564,0.0,0.22033898305084745,0.5028248587570622,"3rd A Cross Road, East Colony, Yelahanka, Bengaluru, Karnataka. Pin-560064 (India)"
166,176,12.911154680113638,77.57323118806818,J.P. Nagar,"BTP117 - 9th Cross, Kanakapura Road",GOODS AUTO,0.022727272727272728,0.07954545454545454,0.8636363636363636,0.5397727272727273,"40th Main Road, SBI Colony, JP Nagar Phase 1, Bengaluru, Karnataka. Pin-560078 (India)"
129,175,13.056998915999998,77.54715598742857,Jalahalli,No Junction,CAR,0.42857142857142855,0.0,0.33714285714285713,0.33714285714285713,"St Mary Church Road, Kanshiram Nagar, Ramchandrapura, Bengaluru, Karnataka. Pin-560013 (India)"
124,174,12.896648908045979,77.72005069310345,Whitefield,No Junction,SCOOTER,0.41379310344827586,0.0,0.25287356321839083,0.2471264367816092,"Sarjapura Main Road, Kodathi Gate, Kodathi, Bengaluru, Karnataka. Pin-560035 (India)"
267,173,12.948086013872832,77.5799629734104,Basavanagudi,BTP184 - Lalbagh West Gate,SCOOTER,0.4277456647398844,0.0,0.48554913294797686,0.2947976878612717,"RV Road, Lalbhagh West Gate Circle, Mavalli, Bengaluru, Karnataka. Pin-560004 (India)"
122,171,12.991829701169591,77.53840124327485,Vijayanagara,BTP207 - 8th Main Road Basaveshwara Nagar,CAR,0.5672514619883041,0.0,0.2631578947368421,0.4152046783625731,"8th Main Road, Basaveshwara Nagar, Bengaluru, Karnataka. Pin-560079 (India)"
99,170,12.818464467058824,77.68923902588236,Electronic City,No Junction,CAR,0.3588235294117647,0.0,0.4411764705882353,0.47058823529411764,"Garden Residency Bommasandra Link Road, Janatha Colony, Bommasandra, Bengaluru, Karnataka. Pin-560099 (India)"
41,165,13.053921567272727,77.59274640848484,Kodigehalli,No Junction,SCOOTER,0.6848484848484848,0.0,0.2545454545454545,0.7454545454545455,"Bellary Road, Godrej Platinum, Hebbal Kempapura, Bengaluru, Karnataka. Pin-560024 (India)"
284,163,13.040103606748469,77.58965961963189,Kodigehalli,No Junction,SCOOTER,0.25766871165644173,0.006134969325153374,0.3496932515337423,0.26993865030674846,"Bellary Road, IAH and VB Quarters, UAS Campus, Hebbal, Bengaluru, Karnataka. Pin-560024 (India)"
108,162,13.047106862345679,77.5009999925926,Peenya,No Junction,SCOOTER,0.2839506172839506,0.0,0.7037037037037037,0.12345679012345678,"Mumbai Bengaluru Highway, Sobha Garrison, Nagasandra, Bengaluru, Karnataka. Pin-560073 (India)"
171,160,12.917389123124996,77.57799979312499,Jayanagara,"BTP176 - Rajalakshmi Kalyana Mantapa, JP Nagar",CAR,0.24375,0.0,0.50625,0.2125,"2nd Main Road, Sangam Circle, Jayanagar, Bengaluru, Karnataka. Pin-560070 (India)"
272,155,12.961183483225808,77.58687080774195,Halasuru Gate,BTP180 - Swagath Poornima Theatre,TEMPO,0.3548387096774194,0.0,0.5032258064516129,0.27741935483870966,"1st Cross Road, CSI Compound, Kalasipalyam, Bengaluru, Karnataka. Pin-560027 (India)"
228,154,12.912553415584416,77.68078892532468,Bellandur,No Junction,CAR,0.5194805194805194,0.0,0.22077922077922077,0.6298701298701299,"Sarjapura Main Road, Jain Heights, Kaikondrahalli, Bengaluru, Karnataka. Pin-560035 (India)"
147,154,12.990115131576617,77.50360384454545,Kamakshipalya,No Junction,CAR,0.43506493506493504,0.0,0.2012987012987013,0.2597402597402597,"Magadi Main Road, Sunkadakatte, Bengaluru, Karnataka. Pin-560091 (India)"
209,153,13.05847424388982,77.59309300885731,Kodigehalli,No Junction,CAR,0.5294117647058824,0.0,0.3137254901960784,0.3006535947712418,"Kodigehalli Main Road, Brigade Opus, Hebbal, Bengaluru, Karnataka. Pin-560092 (India)"
233,153,12.940259239215688,77.57301032026143,Basavanagudi,BTP109 - Dewan Madhava Rao Junction,SCOOTER,0.3464052287581699,0.0,0.5032679738562091,0.2549019607843137,"KR Main Road, Basavanagudi, Bengaluru, Karnataka. Pin-560004 (India)"
159,152,13.022499961611262,77.63794408052827,Banaswadi,No Junction,SCOOTER,0.18421052631578946,0.0,0.07236842105263158,0.39473684210526316,"CMR Road, Jahnavi Layout, Kalyan Nagar, Bengaluru, Karnataka. Pin-560043 (India)"
182,148,13.003463336486487,77.72349642094593,K.R. Pura,No Junction,SCOOTER,0.006756756756756757,0.0,0.8108108108108109,0.33783783783783783,"Kodigehalli Main Road, Aryav Greenfields, Kadugodi, KR Puram, Bengaluru, Karnataka. Pin-560067 (India)"
139,147,13.058312482894703,77.59150767323439,Kodigehalli,No Junction,CAR,0.12244897959183673,0.0,0.19727891156462585,0.3333333333333333,"4th Cross Road, Brigade Opus, Hebbal, Bengaluru, Karnataka. Pin-560092 (India)"
236,146,12.894951088356166,77.59915848150685,J.P. Nagar,No Junction,SCOOTER,0.06164383561643835,0.0,0.2054794520547945,0.19863013698630136,"Bannerghatta Main Road, Indian Institute of Management, Bengaluru, Karnataka. Pin-560076 (India)"
277,143,12.940593776923077,77.52465330000001,Byatarayanapura,No Junction,SCOOTER,0.5454545454545454,0.0,0.055944055944055944,0.23776223776223776,"Mysore Road, Apple Spire, Pantarapalya, Bengaluru, Karnataka. Pin-560039 (India)"
172,143,12.936547451048952,77.6059326062937,Mico Layout,BTP126 - Dairy Circle,CAR,0.07692307692307693,0.0,0.5944055944055944,0.3706293706293706,"Hosur Road, Prestige Blue Chip Software Park, Dairy Colony, Adugodi, Bengaluru, Karnataka. Pin-560029 (India)"
150,142,12.925315164084507,77.63377750140847,Adugodi,No Junction,CAR,0.4014084507042254,0.0,0.3380281690140845,0.39436619718309857,"80 Feet Road, SBI Colony, Koramangala, Bengaluru, Karnataka. Pin-560034 (India)"
68,141,12.926646979432626,77.60894894255318,Mico Layout,No Junction,MAXI-CAB,0.375886524822695,0.0,0.375886524822695,0.1702127659574468,"Thavarekere Main Road, Chikka Adugodi New Extension, Sadduguntepalya, Bengaluru, Karnataka. Pin-560029 (India)"
165,141,12.931576270212766,77.58605977943263,Jayanagara,BTP219 - Canara Bank Junction,CAR,0.7304964539007093,0.02127659574468085,0.0,0.3404255319148936,"11th Main Road, Geetha Colony, Jayanagar, Bengaluru, Karnataka. Pin-560011 (India)"
247,134,13.002920557462685,77.55338937611941,Malleshwaram,"BTP001 - 10th Cross, Dr. Rajkumar Road",CAR,0.23134328358208955,0.0,0.4253731343283582,0.6044776119402985,"80 Feet Ring Road, Ketamaranahalli, Block 1, Rajaji Nagar, Bengaluru, Karnataka. Pin-560010 (India)"
50,134,12.903627628108016,77.70420380381348,Bellandur,No Junction,CAR,0.3358208955223881,0.0,0.1044776119402985,0.3358208955223881,"Chikkabellanduru Road, Ram Circle, Hadosiddapura, Bengaluru, Karnataka. Pin-560035 (India)"
234,134,12.972466722388061,77.62609833283582,Halasur,No Junction,CAR,0.2462686567164179,0.0,0.6417910447761194,0.29850746268656714,"1st Cross Road, Ranka Court, Halasuru, Bengaluru, Karnataka. Pin-560008 (India)"
204,131,12.998333785496184,77.58182167633588,Sheshadripuram,No Junction,MOTOR CYCLE,0.5419847328244275,0.0,0.3511450381679389,0.26717557251908397,"J Lingaiah Road, Kempanna Block, Seshadripuram, Bengaluru, Karnataka. Pin-560020 (India)"
362,128,12.99161359609375,77.652420359375,Banaswadi,No Junction,CAR,0.0,0.0,0.0,0.1875,"Railway Line Road, NGEF Layout, Benaiganahalli, Bengaluru, Karnataka. Pin-560038 (India)"
113,127,13.006919630708662,77.57884309763779,Sadashivanagar,No Junction,CAR,0.5354330708661418,0.0,0.31496062992125984,0.13385826771653545,"3rd Main Road, Bashyam Circle, Sadashiva Nagar, Bengaluru, Karnataka. Pin-560080 (India)"
75,125,12.906856449338829,77.5460294986494,K.S. Layout,No Junction,CAR,0.168,0.0,0.096,0.392,"Subramanyapura Main Road, Vallabha Nagar, Uttarahalli, Bengaluru, Karnataka. Pin-560061 (India)"
38,121,12.96244114710744,77.58965018347106,Halasuru Gate,BTP064 - Devanga Hostel Junction,CAR,0.3140495867768595,0.0,0.512396694214876,0.33884297520661155,"Mission Road, M Subbaiah Circle, Sampangiram Nagar, Bengaluru, Karnataka. Pin-560027 (India)"
64,120,12.971617755,77.50759940000002,Jnanabharathi,No Junction,CAR,0.55,0.0,0.24166666666666667,0.30833333333333335,"Kengeri Main Road, Papareddypalya Circle, Nagarbhavi Stage 2, Bengaluru, Karnataka. Pin-560072 (India)"
136,120,12.948922550833334,77.597856565,Wilson Garden,"BTP123 - 10th Cross, Wilson Garden",CAR,0.6666666666666666,0.008333333333333333,0.11666666666666667,0.24166666666666667,"9th Cross Road, NGO Colony, Wilson Garden, Bengaluru, Karnataka. Pin-560027 (India)"
94,119,12.91228714537815,77.5857439436975,J.P. Nagar,"BTP197 - 9th Cross, 24th Main, JP Nagar",CAR,0.5546218487394958,0.0,0.18487394957983194,0.3445378151260504,"5th Cross Road, Manjunath Colony, JP Nagar Phase 2, Bengaluru, Karnataka. Pin-560078 (India)"
241,119,12.955256643697481,77.57986955294116,City Market,BTP119 - Minerva Circle,SCOOTER,0.47058823529411764,0.0,0.18487394957983194,0.31092436974789917,"Kondajji Basappa Road, Minerva Circle, Mavalli, Bengaluru, Karnataka. Pin-560004 (India)"
268,119,12.989795499159662,77.55603344537813,Rajajinagar,"BTP204 - ESI Hospital, Rajajinagar",CAR,0.20168067226890757,0.0,0.35294117647058826,0.29411764705882354,"40th Cross Road, ESI Hospital Junction, Rajaji Nagar, Bengaluru, Karnataka. Pin-560010 (India)"
281,118,12.981152864919121,77.58843839314808,Cubbon Park,BTP052 - CID Carlton House Junction,CAR,0.3305084745762712,0.0,0.3474576271186441,0.23728813559322035,"D Devaraj Urs Road, Karnataka Bhavan Junction, Gandhi Nagar, Bengaluru, Karnataka. Pin-560001 (India)"
375,116,12.850930541379311,77.65745046896552,Electronic City,No Junction,SCOOTER,0.3103448275862069,0.0,0.0,0.28448275862068967,"Road Number 1, Salarpuria Infozone, Phase 1, Electronic City, Bengaluru, Karnataka. Pin-560100 (India)"
295,116,12.974562816379308,77.71093574999999,Mahadevapura,No Junction,MAXI-CAB,0.034482758620689655,0.0,0.8879310344827587,0.034482758620689655,"ITPL Main Road, RMZ Centennial, Industrial Area Phase 1, Doddanekundi, Bengaluru, Karnataka. Pin-560066 (India)"
249,115,13.022149546086958,77.53271411913043,Rajajinagar,No Junction,HGV,0.25217391304347825,0.0,0.3739130434782609,0.28695652173913044,"Kanteerava Studio Road, FTI Junction, Nandini Layout, Bengaluru, Karnataka. Pin-560096 (India)"
320,115,12.95682631478261,77.57513721304348,V.V.Puram (C.Pet),BTP105 - Shivasankara Circle,SCOOTER,0.11304347826086956,0.0,0.6608695652173913,0.13043478260869565,"Kondajji Basappa Road, Parvatipuram, VV Puram, Bengaluru, Karnataka. Pin-560004 (India)"
176,115,12.988197812173913,77.57714777043476,Sheshadripuram,BTP054 - Shivananda Circle,CAR,0.5478260869565217,0.0,0.12173913043478261,0.21739130434782608,"4th Main Road, Nehru Circle, Seshadripuram, Bengaluru, Karnataka. Pin-560020 (India)"
163,112,12.98786265267857,77.61798484553572,Pulikeshinagar(F.Town),No Junction,SCOOTER,0.625,0.0,0.25,0.17857142857142858,"Osborne Road, Meanee Avenue Layout, Frazer Town, Bengaluru, Karnataka. Pin-560005 (India)"
271,112,12.990509052678572,77.61212905178571,Pulikeshinagar(F.Town),No Junction,CAR,0.4375,0.0,0.5625,0.0,"Memorial Road, Sulthan Nagar, Shivaji Nagar, Bengaluru, Karnataka. Pin-560051 (India)"
353,111,12.958014239639637,77.56735281621621,Chamarajpet,BTP214 - 5th Main Chamrajpet  Junction,SCOOTER,0.5225225225225225,0.0,0.3333333333333333,0.35135135135135137,"Bazar Street, Sri Yagnavalkya Circle, Chamarajpet, Bengaluru, Karnataka. Pin-560018 (India)"
258,110,12.946208303252343,77.58792360522813,Wilson Garden,No Junction,SCOOTER,0.19090909090909092,0.0,0.7909090909090909,0.3,"Siddhapura Main Road, Siddapura Circle, Mavalli, Bengaluru, Karnataka. Pin-560004 (India)"
251,108,12.954672136111112,77.59312409259262,Wilson Garden,"BTP102 - BMTC Junction, KH Road",CAR,0.6666666666666666,0.0,0.12037037037037036,0.3425925925925926,"BTS Main Road, BMTC Junction, Wilson Garden, Bengaluru, Karnataka. Pin-560027 (India)"
244,108,12.937172609074075,77.62709113851852,Adugodi,No Junction,SCOOTER,0.16666666666666666,0.0,0.2222222222222222,0.28703703703703703,"Srinivagilu Main Road, Sony World Junction, Koramangala, Bengaluru, Karnataka. Pin-560034 (India)"
133,107,12.996054808411218,77.61695865981306,Pulikeshinagar(F.Town),No Junction,CAR,0.6822429906542056,0.0,0.2336448598130841,0.308411214953271,"Wheeler Road, Sindhi Colony, Cox Town, Bengaluru, Karnataka. Pin-560005 (India)"
151,106,12.920104336061051,77.62098004541058,Madiwala,BTP137 - Madiwala Traffic PS Junction,CAR,0.16981132075471697,0.05660377358490566,0.24528301886792453,0.3490566037735849,"Hosur Road, Dollar Scheme Colony, BTM Layout Stage 1, Bengaluru, Karnataka. Pin-560068 (India)"
211,106,12.951585755660378,77.60757831603775,Ashok Nagar,BTP132 - Anepalya Junction,CAR,0.5,0.0,0.33962264150943394,0.2641509433962264,"Anepalya Main Road, Muthanna Garden, Nilsandra, Bengaluru, Karnataka. Pin-560030 (India)"
314,105,12.92214368190476,77.58068039714286,Jayanagara,"BTP190 - 36th Cross, 4th Main, Jayanagar",SCOOTER,0.20952380952380953,0.01904761904761905,0.7238095238095238,0.5619047619047619,"4th Main Road, Block 5, Jayanagar, Bengaluru, Karnataka. Pin-560041 (India)"
181,105,12.880928881319674,77.64508659476584,Electronic City,No Junction,CAR,0.1619047619047619,0.0,0.6952380952380952,0.38095238095238093,"Hosur Road, Zed Enclave, HAL Layout, Bengaluru, Karnataka. Pin-560068 (India)"
195,104,12.955748910576924,77.54609206346154,Byatarayanapura,"BTP094 - Sri Skanda Complex, Mysore Road",CAR,0.38461538461538464,0.0,0.4807692307692308,0.25,"Mysore Road, Hosaguddadahalli, New Guddadahalli, Bengaluru, Karnataka. Pin-560026 (India)"
239,104,12.938284772115384,77.59263543076923,Wilson Garden,No Junction,CAR,0.7403846153846154,0.0,0.21153846153846154,0.3173076923076923,"8th Main Road, NIMHANS, Bengaluru, Karnataka. Pin-560029 (India)"
293,103,13.144176157281553,77.6178720330097,Chikkajala,No Junction,MOTOR CYCLE,0.1941747572815534,0.0,0.44660194174757284,0.18446601941747573,"Hosahalli Main Road, Hunasamaranahalli, Bengaluru, Karnataka. Pin-562157 (India)"
29,103,12.916423966019417,77.65172052815535,HSR Layout,No Junction,SCOOTER,0.3883495145631068,0.0,0.11650485436893204,0.22330097087378642,"27th Main Road, Sector 1, HSR Layout, Bengaluru, Karnataka. Pin-560102 (India)"
275,103,12.935583176699032,77.60816157087379,Mico Layout,BTP136 - Hosur-Tavarkere Road Junction,CAR,0.11650485436893204,0.0,0.6407766990291263,0.07766990291262135,"2nd Main Road, Krishna Nagar Industrial Layout, Sadduguntepalya, Bengaluru, Karnataka. Pin-560029 (India)"
226,103,13.071811183495141,77.63373139805825,Hennuru,No Junction,CAR,0.32038834951456313,0.0,0.17475728155339806,0.27184466019417475,"Thanisandra Main Road, Hegde Nagar, Bengaluru, Karnataka. Pin-560077 (India)"
162,101,12.962201820049504,77.64912857236735,Jeevanbheemanagar,No Junction,SCOOTER,0.38613861386138615,0.07920792079207921,0.44554455445544555,0.32673267326732675,"5th Main Road, Kodihalli, Bengaluru, Karnataka. Pin-560008 (India)"
118,100,13.054969755,77.50760864,Chikkabanavara,No Junction,CAR,0.36,0.0,0.36,0.37,"Hesaraghatta Main Road, Defence Colony, Bagalagunte, Bengaluru, Karnataka. Pin-560073 (India)"
270,100,13.041886531,77.51449963,Peenya,No Junction,CAR,0.57,0.0,0.27,0.35,"Dasarahalli, Bengaluru North City Corporation, Bengaluru, Bangalore North, Bengaluru Urban, Karnataka, 560057, India"
59,99,12.985386663636362,77.59409037979799,Cubbon Park,BTP166 - Coffee Board Junction,CAR,0.0707070707070707,0.0,0.41414141414141414,0.23232323232323232,"Ali Asker Road, Embassy Apartment, Vasant Nagar, Bengaluru, Karnataka. Pin-560001 (India)"
219,99,12.98706610890944,77.61943532125126,Pulikeshinagar(F.Town),No Junction,CAR,0.494949494949495,0.0,0.25252525252525254,0.2727272727272727,"Professor K Venkatachalam Circle, Venkatachalam Circle, Sivanchetti Gardens, Bengaluru, Karnataka. Pin-560042 (India)"
112,99,12.961184008080808,77.58386985858586,Halasuru Gate,"BTP168 - MSR Building, JC Road",SCOOTER,0.24242424242424243,0.0,0.37373737373737376,0.36363636363636365,"Sunkalpet Road, Kumbaragundi, Kalasipalyam, Bengaluru, Karnataka. Pin-560002 (India)"
255,98,12.9636394553274,77.73308511163488,Whitefield,No Junction,CAR,0.6836734693877551,0.0,0.04081632653061224,0.6632653061224489,"Dream Cake, Siddapura Road, Whitefield, Bengaluru East City Corporation, Bengaluru, Bangalore East, Bengaluru Urban, Karnataka, 560066, India"
278,98,13.183899946938777,77.68632982346939,Chikkajala,No Junction,CAR,0.09183673469387756,0.0,0.8775510204081632,0.35714285714285715,"Unnamed Road, Chikkanahalli North Taluka, Bengaluru, Karnataka. Pin-562149 (India)"
346,95,12.985501182105262,77.74573583999998,Whitefield,No Junction,SCOOTER,0.7368421052631579,0.0,0.010526315789473684,0.5263157894736842,"Whitefield Road, Salarpuria GR Tech Park, Whitefield, Bengaluru, Karnataka. Pin-560066 (India)"
208,94,12.989173057446806,77.50784329787234,Kamakshipalya,No Junction,CAR,0.2978723404255319,0.0,0.39361702127659576,0.2978723404255319,"Magadi Main Road, Sunkadakatte, Bengaluru, Karnataka. Pin-560091 (India)"
173,93,13.09910424516129,77.5770858204301,Yelahanka,No Junction,CAR,0.26881720430107525,0.0,0.6774193548387096,0.1827956989247312,"Yelahanka New Town Main Road, 1st Stage, Yelahanka New Town, Bengaluru, Karnataka. Pin-560064 (India)"
218,93,12.970168633945429,77.61020374565089,Ashok Nagar,No Junction,PASSENGER AUTO,0.3010752688172043,0.0,0.08602150537634409,0.3548387096774194,"Magrath Road, Garuda Mall, Ashok Nagar, Bengaluru, Karnataka. Pin-560025 (India)"
330,92,12.922973105119581,77.6515040333442,HSR Layout,No Junction,CAR,0.7065217391304348,0.0,0.14130434782608695,0.4673913043478261,"27th Main Road, HSR Layout 27th Main Junction, HSR Layout, Bengaluru, Karnataka. Pin-560102 (India)"
206,92,12.919663295652173,77.58366257717393,Jayanagara,"BTP191 - 40th Cross, 4th Main, Jayanagar",CAR,0.2391304347826087,0.0,0.6195652173913043,0.43478260869565216,"9th Main Road, Block 5, Jayanagar, Bengaluru, Karnataka. Pin-560041 (India)"
214,92,12.909658318345576,77.55007287967405,K.S. Layout,No Junction,CAR,0.358695652173913,0.0,0.2717391304347826,0.33695652173913043,"Subramanyapura Main Road, Canara Bank Colony, Chikkalsandra, Bengaluru, Karnataka. Pin-560061 (India)"
143,91,12.91182866923077,77.64454703626373,HSR Layout,No Junction,CAR,0.5164835164835165,0.0,0.17582417582417584,0.23076923076923078,"19th Main Road, HSR Layout, Bengaluru, Karnataka. Pin-560102 (India)"
31,91,12.916352654945053,77.63820958021978,HSR Layout,No Junction,CAR,0.27472527472527475,0.0,0.5054945054945055,0.3956043956043956,"Outer Ring Road, Sector 5, HSR Layout, Bengaluru, Karnataka. Pin-560102 (India)"
192,90,12.944722137777777,77.59707693777776,Wilson Garden,"BTP123 - 10th Cross, Wilson Garden",CAR,0.4444444444444444,0.0,0.3888888888888889,0.3333333333333333,"13th Cross Road, Wilson Manor Apartment, Jayanagar East, Bengaluru, Karnataka. Pin-560011 (India)"
184,90,13.059950751694506,77.57662319671832,Kodigehalli,No Junction,CAR,0.25555555555555554,0.0,0.3111111111111111,0.35555555555555557,"Ganga Bhavani Temple Road, Kodigehalli Circle, Sahakara Nagar, Bengaluru, Karnataka. Pin-560092 (India)"
170,89,12.959375906932017,77.65605649636895,Jeevanbheemanagar,No Junction,CAR,0.39325842696629215,0.011235955056179775,0.38202247191011235,0.16853932584269662,"Nanja Raja Reddy Colony Main Road, Thimma Reddy Layout, Murugeshpalya, Bengaluru, Karnataka. Pin-560017 (India)"
262,88,12.94232223409091,77.74723879772728,Whitefield,No Junction,CAR,0.36363636363636365,0.0,0.4090909090909091,0.1590909090909091,"Muthsandra Main Road, KSRTC Travel House Junction, Varthur Marattahalli, Bengaluru, Karnataka. Pin-560087 (India)"
248,88,12.951724228409091,77.59060823295455,Wilson Garden,BTP121 - KH Circle,SCOOTER,0.375,0.0,0.3068181818181818,0.5340909090909091,"KH Road, Kengal Hanumanthaiah Circle, Wilson Garden, Bengaluru, Karnataka. Pin-560027 (India)"
164,88,12.95179168207094,77.57691134534092,V.V.Puram (C.Pet),BTP106 - VV Puram College,CAR,0.2159090909090909,0.0,0.125,0.5113636363636364,"Sajjan Rao Circle, Sajjan Rao Circle, VV Puram, Bengaluru, Karnataka. Pin-560004 (India)"
177,87,12.881809875862068,77.59586770114942,J.P. Nagar,No Junction,SCOOTER,0.3448275862068966,0.0,0.22988505747126436,0.3563218390804598,"Bannerghatta Main Road, Vijay Shree Layout, Hulimavu, Bengaluru, Karnataka. Pin-560076 (India)"
349,87,12.950527759770116,77.52205374827587,Byatarayanapura,No Junction,CAR,0.25287356321839083,0.0,0.41379310344827586,0.22988505747126436,"Dr Rajkumar Puniya Bhoomi Road, BDA Layout, Block 3, Chandra Layout Stage 1, Bengaluru, Karnataka. Pin-560072 (India)"
287,85,13.048988180000002,77.49697321450981,Chikkabanavara,No Junction,CAR,0.5529411764705883,0.0,0.32941176470588235,0.3176470588235294,"4th Main Road, Nagasandra, Bengaluru, Karnataka. Pin-560073 (India)"
289,85,12.938403230332886,77.57997094912261,Basavanagudi,"BTP186 - 9th Cross, 4th Main, Jayanagar",CAR,0.4823529411764706,0.0,0.29411764705882354,0.23529411764705882,"RV Road, Cauvery Circle, Jayanagar, Bengaluru, Karnataka. Pin-560004 (India)"
269,84,12.840891017857146,77.65024081666665,Electronic City,No Junction,CAR,0.13095238095238096,0.0,0.15476190476190477,0.4523809523809524,"Neeladri Road, Genesis Eco Sphere, Neeladri Nagar, Electronic City, Bengaluru, Karnataka. Pin-560100 (India)"
217,82,13.045615873170732,77.6271852817073,Hennuru,No Junction,SCOOTER,0.1951219512195122,0.12195121951219512,0.0975609756097561,0.3170731707317073,"Thanisandra Main Road, Tuba Layout, Thanisandra, Bengaluru, Karnataka. Pin-560077 (India)"
106,82,12.931915993221171,77.51563678126,Kengeri,No Junction,CAR,0.35365853658536583,0.0,0.2682926829268293,0.2804878048780488,"Sri Sri Sri Tiruchi Mahaswamiji Road, Ideal Home Township, Rajarajeshwari Nagar, Bengaluru, Karnataka. Pin-560098 (India)"
327,81,12.988272080246913,77.57229361851853,Sheshadripuram,No Junction,SCOOTER,0.14814814814814814,0.0,0.5679012345679012,0.345679012345679,"Acharya Govind Vittal Bhave Road, RV Shetty Layout, Seshadripuram, Bengaluru, Karnataka. Pin-560020 (India)"
285,80,12.972107113750003,77.59405274999999,Cubbon Park,BTP063 - Siddalingaiah Circle,CAR,0.35,0.0,0.6,0.425,"Cubbon Park Road, Siddalingaiah Circle, Gandhi Nagar, Bengaluru, Karnataka. Pin-560001 (India)"
292,80,12.92977520625,77.6948527475,Bellandur,No Junction,MAXI-CAB,0.15,0.0,0.8125,0.0125,"Doddakannelli Road, Prestige Sunnyside ELM, Bhoganahalli, Bengaluru, Karnataka. Pin-560103 (India)"
220,80,12.96686351125,77.658193455,Jeevanbheemanagar,No Junction,CAR,0.675,0.025,0.2375,0.05,"1st Cross Road, Jeevan Bima Nagar, Bengaluru, Karnataka. Pin-560075 (India)"
215,80,12.991863585,77.59442446624999,High ground,No Junction,SCOOTER,0.2875,0.0,0.4,0.1625,"Millers Road, Kaverappa Layout, Vasant Nagar, Bengaluru, Karnataka. Pin-560001 (India)"
335,80,12.922558922866779,77.62263975473952,Madiwala,BTP137 - Madiwala Traffic PS Junction,SCOOTER,0.0,0.0,1.0,0.475,"Madiwala Market Street, FSL Quarters, Koramangala, Bengaluru, Karnataka. Pin-560034 (India)"
180,79,12.942212751898738,77.6223705291139,Adugodi,No Junction,CAR,0.25316455696202533,0.0,0.5063291139240507,0.31645569620253167,"Srinivagilu Main Road, KR Garden, Block 8, Koramangala, Bengaluru, Karnataka. Pin-560095 (India)"
120,79,12.895204570886076,77.67584004050634,Bellandur,No Junction,SCOOTER,0.3670886075949367,0.0,0.4430379746835443,0.06329113924050633,"Amrita College Road, Bhuvi Colony, Kasavanahalli, Bengaluru, Karnataka. Pin-560035 (India)"
6,78,12.976188687179487,77.59938736538463,Cubbon Park,No Junction,SCOOTER,0.358974358974359,0.01282051282051282,0.1282051282051282,0.7692307692307693,"Sri ML Subbaraju Road, Mahatma Gandhi Circle, Shivaji Nagar, Bengaluru, Karnataka. Pin-560001 (India)"
223,77,12.947156731168832,77.59077571428573,Wilson Garden,BTP122 - Siddapura Junction,PASSENGER AUTO,0.45454545454545453,0.0,0.35064935064935066,0.11688311688311688,"Siddhapura Road, B Venkata Reddy Nagar, Siddapura, Jayanagar East, Bengaluru, Karnataka. Pin-560011 (India)"
210,77,12.97485648982659,77.62545645078238,Halasur,No Junction,CAR,0.4675324675324675,0.0,0.2857142857142857,0.37662337662337664,"Cambridge Road, Ramayya Circle, Halasuru, Bengaluru, Karnataka. Pin-560008 (India)"
256,76,12.909539568421051,77.64455495526316,HSR Layout,No Junction,SCOOTER,0.9605263157894737,0.0,0.0,0.9605263157894737,"19th Main Road, Sector 2, HSR Layout, Bengaluru, Karnataka. Pin-560102 (India)"
194,76,12.98009195657895,77.65214344473684,Banaswadi,No Junction,CAR,0.17105263157894737,0.0,0.4605263157894737,0.09210526315789473,"Dr APJ Abdul Kalam Marg, Sir CV Raman Circle, CV Raman Nagar, Bengaluru, Karnataka. Pin-560093 (India)"
294,76,12.960610968421053,77.63858567236842,Halasur,BTP146 - Domlur Water Tank,SCOOTER,0.5394736842105263,0.0,0.3815789473684211,0.3684210526315789,"Domlur Main Road, Dr Rajkumar Circle, Domlur, Bengaluru, Karnataka. Pin-560071 (India)"
227,75,13.037030009333334,77.574580456,Kodigehalli,No Junction,MOTOR CYCLE,0.5333333333333333,0.0,0.22666666666666666,0.17333333333333334,"3rd Main Road, Sanjay Nagar, Bengaluru, Karnataka. Pin-560094 (India)"
231,75,12.986221190666665,77.733640212,Whitefield,No Junction,MOTOR CYCLE,0.18666666666666668,0.2,0.4533333333333333,0.3333333333333333,"Pattandur Agrahara Road, Harman Campus, EOIZ Industrial Area, Whitefield, Bengaluru, Karnataka. Pin-560066 (India)"
305,75,12.914211608,77.58581113733334,J.P. Nagar,"BTP177 - Aurobindo Circle, ORR",CAR,0.4,0.0,0.09333333333333334,0.18666666666666668,"24th Main Road, Marenahalli Industrial Area, JP Nagar Phase 2, Bengaluru, Karnataka. Pin-560078 (India)"
156,75,13.184188563999998,77.68772087466668,Chikkajala,No Junction,CAR,0.013333333333333334,0.0,0.8533333333333334,0.2,"Unnamed Road, Chikkanahalli North Taluka, Bengaluru, Karnataka. Pin-562149 (India)"
242,75,12.924198974146728,77.67321755755633,Bellandur,No Junction,CAR,0.6133333333333333,0.0,0.28,0.26666666666666666,"Outer Ring Road, Kristal Campus 2, Bellandur, Bengaluru, Karnataka. Pin-560103 (India)"
280,73,12.975007826027397,77.6041516890411,Cubbon Park,No Junction,SCOOTER,0.2602739726027397,0.0,0.0410958904109589,0.3424657534246575,"Church Street, KP New Extension, Shanthala Nagar, Bengaluru, Karnataka. Pin-560001 (India)"
371,73,12.947752664383561,77.53411802876711,Byatarayanapura,No Junction,CAR,0.3698630136986301,0.0,0.2602739726027397,0.3150684931506849,"Mysore Road, Deepanjali Nagar, Bengaluru, Karnataka. Pin-560026 (India)"
347,73,13.007128969863015,77.62158880821919,Pulikeshinagar(F.Town),No Junction,CAR,0.3424657534246575,0.0,0.3835616438356164,0.4520547945205479,
207,72,13.006087143055556,77.59317727083334,R.T. Nagar,No Junction,CAR,0.2222222222222222,0.0,0.5,0.20833333333333334,"Jayamahal Main Road, Munireddypalya, JC Nagar, Bengaluru, Karnataka. Pin-560006 (India)"
252,72,12.894379568678724,77.65721952206884,HSR Layout,No Junction,SCOOTER,0.4444444444444444,0.0,0.3055555555555556,0.20833333333333334,"Haralur Road, Birla Circle, Haralur, Bengaluru, Karnataka. Pin-560035 (India)"
298,72,12.956369514324983,77.7321609110378,Whitefield,No Junction,CAR,0.4444444444444444,0.0,0.2777777777777778,0.5416666666666666,"HAL Airport Road, Miraya Rose, Siddapura, Bengaluru, Karnataka. Pin-560066 (India)"
240,71,13.099283784928446,77.59743046783763,Yelahanka,No Junction,MOTOR CYCLE,0.5211267605633803,0.0,0.4225352112676056,0.15492957746478872,"BB Road, Yelahanka, Bengaluru, Karnataka. Pin-560064 (India)"
296,70,12.956606095714285,77.70866332571427,HAL Old Airport,No Junction,MAXI-CAB,0.0,0.0,0.8714285714285714,0.11428571428571428,"HAL Airport Road, Purva Riviera, Marathahalli, Bengaluru, Karnataka. Pin-560037 (India)"
116,69,12.985285630434783,77.60725607246377,Shivajinagar,No Junction,SCOOTER,0.8405797101449275,0.0,0.10144927536231885,0.10144927536231885,"Dharmaraja Koil Street, Quadrant Square, Shivaji Nagar, Bengaluru, Karnataka. Pin-560051 (India)"
265,69,13.244961269565218,77.71297557391306,Devanahalli Airport,No Junction,CAR,0.5217391304347826,0.0,0.30434782608695654,0.21739130434782608,"Sulibele Road, Dr MD Nanjundaswamy Circle, Devanahalli, Karnataka. Pin-562110 (India)"
345,69,12.93558363188406,77.61160687681159,Adugodi,BTP135 - UCO Bank Junction,SCOOTER,0.4782608695652174,0.0,0.0,0.37681159420289856,"Hosur Road, Robert Bosch, Block 7, Koramangala, Bengaluru, Karnataka. Pin-560095 (India)"
158,68,12.960440330882351,77.60155917794118,Ashok Nagar,BTP172 - Nanjappa Circle,SCOOTER,0.45588235294117646,0.0,0.3235294117647059,0.3382352941176471,"Rhenius Street, Nanjappa Circle, Richmond Town, Bengaluru, Karnataka. Pin-560025 (India)"
300,68,13.060431102941177,77.65208905441175,Hennuru,No Junction,CAR,0.4852941176470588,0.0,0.25,0.5294117647058824,"Doddagubbi Road, Chikka Aneppa Layout, Narayanpura, Kothnur Narayanapura, Bengaluru, Karnataka. Pin-560077 (India)"
363,68,13.003531324999999,77.6627713397059,Banaswadi,No Junction,SCOOTER,0.5294117647058824,0.0,0.4411764705882353,0.6029411764705882,"2nd Main Road, Kasturi Nagar, Banaswadi, Bengaluru, Karnataka. Pin-560043 (India)"
325,67,12.971173126865672,77.59288668059702,Halasuru Gate,BTP063 - Siddalingaiah Circle,CAR,0.16417910447761194,0.0,0.5522388059701493,0.835820895522388,"Kasturba Road, Siddalingaiah Circle, Gandhi Nagar, Bengaluru, Karnataka. Pin-560001 (India)"
373,66,13.001318389393942,77.59547023333333,R.T. Nagar,No Junction,CAR,0.6666666666666666,0.0,0.3333333333333333,0.015151515151515152,"5th Main Road, Income Tax and Central Excise Staff Quarters, Jayamahal Extension, Bengaluru, Karnataka. Pin-560046 (India)"
315,66,12.968383298484849,77.70130693636362,HAL Old Airport,No Junction,SCOOTER,0.5151515151515151,0.0,0.30303030303030304,0.13636363636363635,"West Parallel Road, Karthik Nagar, Marathahalli, Bengaluru, Karnataka. Pin-560037 (India)"
311,65,12.977900338461538,77.71298329076923,Mahadevapura,No Junction,SCOOTER,0.0,0.0,0.16923076923076924,0.0,"Industrial Park Road, Le Terrace, Hoodi, Bengaluru, Karnataka. Pin-560048 (India)"
199,64,13.016110271875,77.5499298140625,Rajajinagar,No Junction,CAR,0.25,0.0,0.6875,0.390625,"1st Main Road, Lumos, Industrial Suburb, Yeshwanthpur, Bengaluru, Karnataka. Pin-560022 (India)"
359,64,12.979500631250001,77.5643069046875,Magadi Road,BTP074 - Leprosy Hospital Junction,SCOOTER,0.859375,0.0,0.0625,0.0625,"Magadi Road, Sobha Indraprastha, Magadi Road Area, Bengaluru, Karnataka. Pin-560023 (India)"
306,64,12.9740879171875,77.50910381875,Jnanabharathi,No Junction,CAR,0.1875,0.0,0.609375,0.296875,"6th Main Road, RHBCS Layout, Nagarbhavi Stage 2, Bengaluru, Karnataka. Pin-560072 (India)"
329,63,12.966989288888882,77.5996525063492,Ashok Nagar,"BTP099 - Cash Pharmacy, Residency Road",CAR,0.20634920634920634,0.0,0.47619047619047616,0.3492063492063492,"Field Marshal KM Cariappa Road, Cash Pharmacy Junction, Richmond Town, Bengaluru, Karnataka. Pin-560025 (India)"
216,63,12.905853419443213,77.5424691840873,K.S. Layout,No Junction,SCOOTER,0.12698412698412698,0.0,0.30158730158730157,0.2857142857142857,"Dr Vishnuvardhan Main Road, Uttarahalli Circle, Uttarahalli, Bengaluru, Karnataka. Pin-560061 (India)"
261,63,13.055045512698413,77.53470367301585,Jalahalli,No Junction,SCOOTER,0.6190476190476191,0.0,0.2857142857142857,0.31746031746031744,"Abbigere Main Road, Patel Shamanna Layout, Kammagondanahalli, Bengaluru, Karnataka. Pin-560015 (India)"
303,63,12.976134144444446,77.53144326825397,Vijayanagara,BTP214 - 5th Main Chamrajpet  Junction,SCOOTER,0.31746031746031744,0.0,0.2857142857142857,0.09523809523809523,"60 Feet Road, Prasanthnagar Circle, Vijaya Nagar North, Bengaluru, Karnataka. Pin-560079 (India)"
245,62,13.068734675806454,77.53006900483871,Jalahalli,No Junction,SCOOTER,0.27419354838709675,0.0,0.1774193548387097,0.3225806451612903,"Forest Region Road, Vymac Circle, Kammagondanahalli, Bengaluru, Karnataka. Pin-560015 (India)"
70,61,12.912005122950818,77.65163858196723,HSR Layout,No Junction,SCOOTER,0.5573770491803278,0.03278688524590164,0.06557377049180328,0.21311475409836064,"17th Cross Road, Parangipalya, Sector 2, HSR Layout, Bengaluru, Karnataka. Pin-560102 (India)"
356,61,12.855223016393442,77.66457032786884,Electronic City,No Junction,CAR,0.32786885245901637,0.0,0.5573770491803278,0.03278688524590164,"Hosur Road, Nanjuda Reddy Layout, Phase 1, Electronic City, Bengaluru, Karnataka. Pin-560100 (India)"
317,60,12.920058251666665,77.61039378000002,Mico Layout,"BTP163 - 16th Main Road, BTM Layout",SCOOTER,0.43333333333333335,0.0,0.1,0.31666666666666665,"16th Main Road, Gundutopu Garden, BTM Layout Stage 1, Bengaluru, Karnataka. Pin-560029 (India)"
291,60,13.050213521666668,77.49451650166664,Chikkabanavara,No Junction,CAR,0.2,0.0,0.7166666666666667,0.13333333333333333,"Mumbai Bengaluru Highway, Pride Altius, Bagalagunte, Bengaluru, Karnataka. Pin-560073 (India)"
307,60,12.918362686666665,77.65172627666668,HSR Layout,No Junction,SCOOTER,0.55,0.0,0.05,0.25,"27th Main Road, Sector 1, HSR Layout, Bengaluru, Karnataka. Pin-560102 (India)"
343,59,12.910621952542373,77.58520095084745,J.P. Nagar,"BTP197 - 9th Cross, 24th Main, JP Nagar",SCOOTER,0.4745762711864407,0.0,0.5084745762711864,0.5254237288135594,"9th Cross Road, Mayura Circle, JP Nagar Phase 1, Bengaluru, Karnataka. Pin-560078 (India)"
200,58,12.960290682758622,77.5625793637931,Chamarajpet,"BTP089 - Police Quarters, Sultan Road",LGV,0.1896551724137931,0.0,0.5344827586206896,0.27586206896551724,"Albert Victor Road, Sirsi Circle, Chamarajpet, Bengaluru, Karnataka. Pin-560018 (India)"
243,57,12.903519245614037,77.64209047017543,HSR Layout,No Junction,LGV,0.8070175438596491,0.0,0.19298245614035087,0.5964912280701754,"27th Cross Road, Ramachandra Reddy Layout, Mangammanapalya, Bommanahalli, Bengaluru, Karnataka. Pin-560068 (India)"
290,57,12.940348880701755,77.62007623684211,Adugodi,No Junction,SCOOTER,0.07017543859649122,0.0,0.6842105263157895,0.19298245614035087,"20th Main Road, Block 8, Koramangala, Bengaluru, Karnataka. Pin-560095 (India)"
161,56,12.98380535505352,77.52901405440126,Kamakshipalya,No Junction,SCOOTER,0.375,0.0,0.23214285714285715,0.23214285714285715,"G Narayana Kumar Road, Soundarya Kamakshi, Karekallu, Kamakshipalya, Bengaluru, Karnataka. Pin-560079 (India)"
286,56,12.944369685714284,77.52691184464285,Byatarayanapura,BTP098 - Nayandahalli Junction,MAXI-CAB,0.125,0.0,0.7857142857142857,0.17857142857142858,"Nayanda Halli, Bengaluru West City Corporation, Bengaluru, Bangalore South, Bengaluru Urban, Karnataka, 560039, India"
232,56,12.901474275,77.59380956964286,J.P. Nagar,No Junction,CAR,0.0,0.0,1.0,0.30357142857142855,"Rose Garden Road, Kalyani Vista Phase 2, JP Nagar Phase 5, Bengaluru, Karnataka. Pin-560078 (India)"
28,56,12.919592505357144,77.64508506607142,HSR Layout,No Junction,CAR,0.4107142857142857,0.0,0.30357142857142855,0.125,"19th Main Road, Park Square Apartment, Sector 4, HSR Layout, Bengaluru, Karnataka. Pin-560102 (India)"
97,55,12.999243464870826,77.68782076489455,Mahadevapura,No Junction,CAR,0.23636363636363636,0.0,0.43636363636363634,0.2545454545454545,"Whitefield Road, Indian Oil Campus, Mahadevapura, Bengaluru, Karnataka. Pin-560016 (India)"
225,55,12.90783634101386,77.53286918995927,K.S. Layout,No Junction,MOPED,0.01818181818181818,0.0,0.5272727272727272,0.16363636363636364,"4th Main Road, AGS Layout, Subramanyapura, Bengaluru South City Corporation, Bengaluru, Bangalore South, Bengaluru Urban, Karnataka, 560061, India"
333,55,12.87601398,77.6166499290909,Hulimavu,No Junction,CAR,0.2545454545454545,0.0,0.23636363636363636,0.5272727272727272,"Westend Avenue, Isiri Stone Creek, Akshaya Nagar West, Yelenahalli, Bengaluru, Karnataka. Pin-560076 (India)"
253,54,12.969750342592592,77.70043334074073,HAL Old Airport,No Junction,CAR,0.7592592592592593,0.0,0.05555555555555555,0.42592592592592593,"Outer Ring Road, Central Avenue, Marathahalli, Bengaluru, Karnataka. Pin-560037 (India)"
189,54,12.982695814814814,77.60146719444445,Shivajinagar,BTP211 - Central Street Junction,SCOOTER,0.4444444444444444,0.0,0.2962962962962963,0.24074074074074073,"Union Road, Shivaji Nagar, Bengaluru, Karnataka. Pin-560001 (India)"
340,54,12.91152031770332,77.55212192375356,K.S. Layout,No Junction,BUS (BMTC/KSRTC),0.2962962962962963,0.0,0.18518518518518517,0.6111111111111112,"Subramanyapura Main Road, Komarla Brigade Residency, Chikkalsandra, Bengaluru, Karnataka. Pin-560061 (India)"
127,54,12.99946658518518,77.48873818333334,Kamakshipalya,No Junction,SCOOTER,0.6481481481481481,0.0,0.1111111111111111,0.3148148148148148,"Andhrahalli Main Road, Soundarya Layout, Andhrahalli, Bengaluru, Karnataka. Pin-560091 (India)"
326,53,12.95405056792453,77.59143718867925,Wilson Garden,BTP103 - Shanti Nagar TTMC,CAR,0.4716981132075472,0.0,0.24528301886792453,0.2641509433962264,"KH Road, Wilson Garden, Bengaluru, Karnataka. Pin-560027 (India)"
257,53,12.900296337735849,77.58586210377358,J.P. Nagar,No Junction,CAR,0.2641509433962264,0.0,0.3584905660377358,0.2641509433962264,"24th Main Road, Sri SN Venkatesh Reddy Circle, JP Nagar Phase 6, Bengaluru, Karnataka. Pin-560078 (India)"
146,53,13.011021298113208,77.58360525849058,Sadashivanagar,BTP030 - Mekhri Circle,CAR,0.37735849056603776,0.0,0.41509433962264153,0.3584905660377358,"10th Main Road, Achaiah Chetty Layout, RMV Extension, Sadashiva Nagar, Bengaluru, Karnataka. Pin-560080 (India)"
323,53,12.938114764150944,77.74677093018867,Whitefield,No Junction,SCOOTER,0.33962264150943394,0.0,0.4528301886792453,0.18867924528301888,"Halasahalli Road, Dr BR Ambedkar Circle, Varthur Marattahalli, Bengaluru, Karnataka. Pin-560087 (India)"
264,53,12.968160447169808,77.58676730566039,Halasuru Gate,BTP075 - Police Corner,PASSENGER AUTO,0.3584905660377358,0.0,0.32075471698113206,0.22641509433962265,"District Office Road, Police Corner Junction, Nagartapete, Bengaluru, Karnataka. Pin-560002 (India)"
304,53,13.059398458490568,77.5876051754717,Kodigehalli,No Junction,MOTOR CYCLE,0.7358490566037735,0.0,0.018867924528301886,0.7735849056603774,"15th Cross Road, Block D, Sahakara Nagar, Bengaluru, Karnataka. Pin-560092 (India)"
324,51,12.967203850980395,77.59435432156863,Halasuru Gate,BTP203 - RRMR Junction,CAR,0.1568627450980392,0.0,0.35294117647058826,0.09803921568627451,"Raja Ram Mohan Roy Road, Sampangiram Nagar, Bengaluru, Karnataka. Pin-560027 (India)"
62,51,12.917050117647063,77.50018557647059,Kengeri,No Junction,SCOOTER,1.0,0.0,0.0,0.35294117647058826,"Global City Tech Park Road, Mylasandra Village, Mylasandara, Bengaluru, Karnataka. Pin-560059 (India)"
144,51,13.026390915686274,77.72059765686275,K.R. Pura,No Junction,CAR,0.47058823529411764,0.0,0.3137254901960784,0.21568627450980393,
338,50,12.921994338,77.58582525000001,Jayanagara,"BTP226 - 33rd Cross, 11th Main, Jayanagar",CAR,0.38,0.0,0.26,0.4,
341,50,12.897269942949515,77.63499707636673,HSR Layout,No Junction,CAR,0.24,0.0,0.54,0.16,"Hosur Road, Narasimha Reddy Layout, Garvebhavi Palya, Bengaluru, Karnataka. Pin-560068 (India)"
348,50,12.949195778,77.576866596,V.V.Puram (C.Pet),BTP193 - Vasavi Circle,CAR,0.2,0.0,0.7,0.42,"National High School Road, Sri Vasavi Circle, VV Puram, Bengaluru, Karnataka. Pin-560004 (India)"
179,50,12.914334675768966,77.4813450117571,Kengeri,No Junction,CAR,0.2,0.0,0.58,0.32,"Kengeri Main Road, Kengeri Satellite Town, Bengaluru, Karnataka. Pin-560060 (India)"
213,50,13.002408274855986,77.75719645663555,Mahadevapura,No Junction,CAR,0.76,0.0,0.08,0.28,"Whitefield Main Road, Sri Sathya Sai Gokulam, Sai Colony, Kadugodi, Bengaluru, Karnataka. Pin-560067 (India)"
334,49,12.976748406122448,77.5486872102041,Magadi Road,BTP069 - MC Circle,LORRY/GOODS VEHICLE,0.5918367346938775,0.0,0.2857142857142857,0.4897959183673469,"Pramukh Swami Maharaj Road, Shri Balagangadharanath Swamiji Circle, Vijaya Nagar, Bengaluru, Karnataka. Pin-560040 (India)"
336,49,13.047408653061224,77.57196941632652,Kodigehalli,No Junction,CAR,0.14285714285714285,0.0,0.5918367346938775,0.46938775510204084,"Outer Ring Road, Whispering Meadows, Dollars Colony, RMV Stage 2, Bengaluru, Karnataka. Pin-560094 (India)"
331,49,12.910330532653061,77.68572545306122,Bellandur,No Junction,CAR,0.2857142857142857,0.0,0.30612244897959184,0.24489795918367346,"Sarjapura Main Road, Saket Callipolis, Halanayakana Halli, Bengaluru, Karnataka. Pin-560035 (India)"
354,49,12.82001522857143,77.68766004081633,Electronic City,No Junction,SCOOTER,0.42857142857142855,0.0,0.40816326530612246,0.04081632653061224,"Hosur Road, Sattva Texonic, Bommasandra Industrial Area, Bommasandra, Bengaluru, Karnataka. Pin-560099 (India)"
190,49,12.993376255102039,77.57404528979592,Sheshadripuram,No Junction,SCOOTER,0.2857142857142857,0.0,0.46938775510204084,0.32653061224489793,"Sri Sri Sri Balagangadharanatha Swamy Road, Krishna Block, Malleshwaram, Bengaluru, Karnataka. Pin-560020 (India)"
167,49,12.910955847089955,77.57830208571428,J.P. Nagar,BTP196 - Sarakki Main Road,MOTOR CYCLE,0.14285714285714285,0.0,0.7142857142857143,0.5102040816326531,"9th Cross Road, IG Circle, JP Nagar Phase 1, Bengaluru, Karnataka. Pin-560078 (India)"
321,48,13.048765533958333,77.49821300166666,Chikkabanavara,No Junction,SCOOTER,0.2708333333333333,0.0,0.125,0.2708333333333333,"Mumbai Bengaluru Highway, Nagasandra, Bengaluru, Karnataka. Pin-560073 (India)"
351,48,12.981129466666667,77.63053498333333,Halasur,No Junction,CAR,0.4375,0.0,0.3541666666666667,0.5833333333333334,"Old Madras Road, Corporation Colony, Halasuru, Bengaluru, Karnataka. Pin-560008 (India)"
367,48,12.875812208333334,77.67123228125,Electronic City,No Junction,SCOOTER,0.4583333333333333,0.0,0.3333333333333333,0.08333333333333333,"Amrutha College Road, Mahaveer Ranches, Naganathapura, Rayasandra, Bengaluru, Karnataka. Pin-560100 (India)"
86,48,12.89383759375,77.56780152708332,K.S. Layout,No Junction,CAR,0.7916666666666666,0.0,0.0,0.3125,"Bikasipura Main Road, LMC Industrial Layout, Konanakunte, Bengaluru, Karnataka. Pin-560062 (India)"
316,48,13.035909033333333,77.57500804166666,Kodigehalli,No Junction,SCOOTER,0.9791666666666666,0.0,0.020833333333333332,0.020833333333333332,"Dr Rajgopal Road, Infantry Towers, Naidu Layout, Sanjay Nagar, Bengaluru, Karnataka. Pin-560094 (India)"
368,48,12.987079235416667,77.5599586125,Rajajinagar,"BTP015 - Suguna Hospital, Dr. Rajkumar Road",CAR,0.6875,0.0,0.3125,0.5416666666666666,
224,48,12.9557601875,77.71847068541666,Whitefield,No Junction,CAR,0.5416666666666666,0.0,0.1875,0.375,"HAL Airport Road, DSR Vertex Apex, Thubarahalli, Bengaluru, Karnataka. Pin-560066 (India)"
283,48,12.938465310416667,77.53355723125001,Banashankari,No Junction,MOTOR CYCLE,0.20833333333333334,0.0,0.4583333333333333,0.3333333333333333,"Dr Rajkumar Puniya Bhoomi Road, Veerabhadra Nagara Circle, Banashankari Stage 3, Bengaluru, Karnataka. Pin-560085 (India)"
282,48,12.954309856250001,77.59002433125,Wilson Garden,BTP103 - Shanti Nagar TTMC,CAR,0.4375,0.0,0.5208333333333334,0.3541666666666667,"Sri Kolada Mata Road, Sudama Nagar, Wilson Garden, Bengaluru, Karnataka. Pin-560027 (India)"
276,48,12.97419048125,77.56624856250001,Magadi Road,BTP074 - Leprosy Hospital Junction,SCOOTER,0.14583333333333334,0.0,0.6666666666666666,0.4791666666666667,"Binny Mill Main Road, Railway Quarters, Subhash Nagar, Sevashrama, Bengaluru, Karnataka. Pin-560023 (India)"
337,48,13.005634145833332,77.58062857291667,Sadashivanagar,No Junction,CAR,0.2916666666666667,0.0,0.16666666666666666,0.4166666666666667,"Sankey Road, Palace Orchard Upper, Sadashiva Nagar, Bengaluru, Karnataka. Pin-560080 (India)"
149,47,12.966938065957448,77.54732426808509,Magadi Road,No Junction,SCOOTER,0.19148936170212766,0.0,0.6382978723404256,0.2978723404255319,"Telecom Layout, Adi Chunchanagiri Ward, Bengaluru West City Corporation, Bengaluru, Bangalore North, Bengaluru Urban, Karnataka, 560023, India"
140,47,13.007116672340425,77.75728578510638,Mahadevapura,No Junction,CAR,0.3191489361702128,0.0,0.3191489361702128,0.7446808510638298,"Whitefield Main Road, Belathur, Bengaluru, Karnataka. Pin-560067 (India)"
309,47,13.08170951507334,77.54821514546407,Yelahanka,No Junction,PASSENGER AUTO,0.48936170212765956,0.0,0.3617021276595745,0.1702127659574468,"Hesarghatta Road, Mohammad Sab Palya Circle, Vidyaranyapura, Bengaluru, Karnataka. Pin-560097 (India)"
279,46,12.967940639130436,77.59236995434782,Halasuru Gate,BTP203 - RRMR Junction,SCOOTER,0.08695652173913043,0.5434782608695652,0.2826086956521739,0.6956521739130435,"Raja Ram Mohan Roy Road, Sampangiram Nagar, Bengaluru, Karnataka. Pin-560027 (India)"
273,46,12.967089226086955,77.54289433695652,Vijayanagara,No Junction,SCOOTER,1.0,0.0,0.0,1.0,"1st A Main Road, Billiards Junction, Vijaya Nagar Stage 2, Bengaluru, Karnataka. Pin-560040 (India)"
157,46,12.931521104347825,77.59255009565219,Jayanagara,No Junction,SCOOTER,0.1956521739130435,0.0,0.43478260869565216,0.043478260869565216,"8th Main Road, LIC Colony Junction, Jayanagar East, Bengaluru, Karnataka. Pin-560011 (India)"
297,46,12.87294396812194,77.59423107175364,Hulimavu,No Junction,SCOOTER,0.1956521739130435,0.0,0.8043478260869565,0.41304347826086957,"Bannerghatta Main Road, Prestige Notting Hill, Kalena Agrahara, Bengaluru, Karnataka. Pin-560076 (India)"
308,46,13.018709565217394,77.5921964826087,R.T. Nagar,No Junction,SCOOTER,0.021739130434782608,0.0,0.9565217391304348,0.06521739130434782,"RT Nagar Main Road, Amale Layout, RT Nagar, Bengaluru, Karnataka. Pin-560032 (India)"
372,46,13.055707075432522,77.59412641289354,Hebbala,No Junction,SCOOTER,0.06521739130434782,0.0,0.8478260869565217,0.30434782608695654,"Dasarahalli Main Road, RMZ Latitude Commercial, Byatarayanapura, Bengaluru, Karnataka. Pin-560092 (India)"
344,45,12.92697241555555,77.59705636666668,Jayanagara,"BTP127 - Sagar Hospital, Jayanagar",CAR,0.044444444444444446,0.0,0.8666666666666667,0.7777777777777778,"32nd E Cross Road, NAL Layout, Jayanagar, Bengaluru, Karnataka. Pin-560041 (India)"
254,45,13.004208856172518,77.7569327697316,Mahadevapura,No Junction,CAR,0.7555555555555555,0.0,0.2,0.4,"Whitefield Main Road, Wynn Gate, Belathur, Bengaluru, Karnataka. Pin-560067 (India)"
374,45,12.999563255555554,77.5969858022222,R.T. Nagar,No Junction,CAR,0.022222222222222223,0.0,0.8,0.0,"1st Main Road, Jayamahal Extension, Bengaluru, Karnataka. Pin-560046 (India)"
319,45,13.050040015555556,77.63020337333333,Hennuru,No Junction,MOTOR CYCLE,0.022222222222222223,0.0,0.022222222222222223,0.08888888888888889,"Thanisandra Main Road, Aswath Nagar Circle, Thanisandra, Bengaluru, Karnataka. Pin-560077 (India)"
376,45,12.839009928888888,77.67797163777776,Electronic City,No Junction,SCOOTER,0.3333333333333333,0.0,0.6666666666666666,0.9777777777777777,"Hosur Road, Gopalan Lake Front, Electronic City, Bengaluru, Karnataka. Pin-560100 (India)"
342,45,12.883526267596846,77.75226129070914,No Police Station,No Junction,CAR,0.37777777777777777,0.0,0.4666666666666667,0.4666666666666667,"Sarjapura Main Road, Dommansandra Circle, Dommasandra Anekal Taluka, Bengaluru, Karnataka. Pin-562125 (India)"
322,44,13.012902040909092,77.62638555681819,Banaswadi,No Junction,SCOOTER,0.06818181818181818,0.0,0.8863636363636364,0.20454545454545456,"Sri Vinayaka Temple Main Road, Sait Palya, Lingarajapuram, Bengaluru, Karnataka. Pin-560084 (India)"
288,44,13.00059879090909,77.61490079772729,Pulikeshinagar(F.Town),No Junction,SCOOTER,0.7045454545454546,0.0,0.09090909090909091,0.38636363636363635,"Bouvillon Road, Nanjappa Block, Frazer Town, Bengaluru, Karnataka. Pin-560005 (India)"
369,44,12.998631556818184,77.55583880681817,Malleshwaram,BTP008 - Navarang Theatre,CAR,0.5454545454545454,0.0,0.18181818181818182,0.3181818181818182,"5th Cross Road, Block D Stage 2, Rajaji Nagar, Bengaluru, Karnataka. Pin-560010 (India)"
313,44,12.981248826086762,77.64070810633434,Jeevanbheemanagar,No Junction,CAR,0.13636363636363635,0.0,0.4772727272727273,0.36363636363636365,"100 Feet Road, New Binnamangla, Indiranagar, Bengaluru, Karnataka. Pin-560038 (India)"
360,43,12.992808727906981,77.61213459767443,Pulikeshinagar(F.Town),No Junction,CAR,0.6976744186046512,0.0,0.18604651162790697,0.06976744186046512,"Cleveland Road, Sarvanton Circle, Frazer Town, Bengaluru, Karnataka. Pin-560005 (India)"
259,43,12.96041504186046,77.57991715348837,City Market,BTP167 - JC Road Junction,PASSENGER AUTO,0.0,0.0,1.0,0.3488372093023256,"5th Cross Road, Kalasipalyam New Extension, Bengaluru, Karnataka. Pin-560002 (India)"
263,43,12.901520839534886,77.66046987209303,Bellandur,No Junction,SCOOTER,0.4186046511627907,0.0,0.18604651162790697,0.3488372093023256,"Haralur Road, Madduramma Junction, Ambalipura, Bengaluru, Karnataka. Pin-560102 (India)"
355,43,12.904967009302325,77.58566914651165,J.P. Nagar,"BTP221 - 15th Cross, 24th Main, JP Nagar",CAR,0.6511627906976745,0.0,0.09302325581395349,0.11627906976744186,"17th Cross Road, P Muniyappa Garden, JP Nagar Phase 6, Bengaluru, Karnataka. Pin-560078 (India)"
350,43,12.983118804651163,77.75212084651163,Whitefield,No Junction,MOTOR CYCLE,0.8372093023255814,0.0,0.06976744186046512,0.11627906976744186,"Whitefield Main Road, Hope Farm Circle, Whitefield, Bengaluru, Karnataka. Pin-560066 (India)"
169,41,12.985441335880562,77.47984617487805,Kamakshipalya,No Junction,CAR,0.6097560975609756,0.0,0.0975609756097561,0.17073170731707318,"Magadi Main Road, Byadrahalli, Bengaluru, Karnataka. Pin-560091 (India)"
328,41,12.973271675609755,77.61095946341463,Ashok Nagar,No Junction,SCOOTER,0.21951219512195122,0.0,0.1951219512195122,0.3170731707317073,"Salvadores, Commissariat Road, Ashok Nagar, Ashokanagar, Bengaluru Central City Corporation, Bengaluru, Bangalore North, Bengaluru Urban, Karnataka, 560025, India"
318,41,12.932848570731707,77.61337951219511,Adugodi,BTP140 - Madiwala Check Post,CAR,0.2926829268292683,0.17073170731707318,0.0975609756097561,0.34146341463414637,"17th Main Road, Industrial Layout, Block 5, Koramangala, Bengaluru, Karnataka. Pin-560095 (India)"
126,41,13.058606287804878,77.46643438536586,No Police Station,No Junction,CAR,0.4634146341463415,0.0,0.34146341463414637,0.21951219512195122,"Mumbai Bengaluru Highway, Bynapalya, Madanaiyakanahalli, Bengaluru, Karnataka. Pin-562162 (India)"
312,41,13.035758695121952,77.7354174707317,K.R. Pura,No Junction,CAR,0.34146341463414637,0.0,0.36585365853658536,0.17073170731707318,"MBT Road, Avalahalli South Taluka, Bengaluru, Karnataka. Pin-560049 (India)"
339,41,13.068791895121954,77.6259800804878,Hennuru,No Junction,SCOOTER,0.24390243902439024,0.0,0.1951219512195122,0.14634146341463414,"80 Feet Road, Corona Apartments, Hegde Nagar, Bengaluru, Karnataka. Pin-560077 (India)"
370,41,12.969445111282063,77.74992160249165,Whitefield,No Junction,CAR,0.5365853658536586,0.0,0.12195121951219512,0.21951219512195122,"Whitefield Main Road, HBK Layout, Whitefield, Bengaluru, Karnataka. Pin-560066 (India)"
366,41,12.988874695121952,77.60889143414634,Pulikeshinagar(F.Town),No Junction,SCOOTER,0.04878048780487805,0.0,0.2926829268292683,0.6829268292682927,"Seppings Road, Nehru Puram, Shivaji Nagar, Bengaluru, Karnataka. Pin-560051 (India)"
352,41,13.002708975609757,77.52596750487805,Rajajinagar,No Junction,CAR,0.4878048780487805,0.0,0.2682926829268293,0.17073170731707318,"Dr Rajkumar Puniya Bhoomi Road, Swatantra Yodhara Nagar, Laggere, Bengaluru, Karnataka. Pin-560058 (India)"
357,40,12.983959953834193,77.64064216192249,Jeevanbheemanagar,No Junction,CAR,0.025,0.0,0.925,0.35,"Old Madras Road, New Binnamangla, Indiranagar, Bengaluru, Karnataka. Pin-560038 (India)"
301,40,12.992797115000002,77.57282093500001,Sheshadripuram,No Junction,CAR,0.775,0.0,0.15,0.1,"Sirur Park B Road, Mill Corner Junction, Seshadripuram, Bengaluru, Karnataka. Pin-560020 (India)"
365,40,12.9692144025,77.58554114,Halasuru Gate,BTP075 - Police Corner,CAR,0.675,0.0,0.05,0.05,"Banappa Park Road, Cubbonpet, Nagartapete, Bengaluru, Karnataka. Pin-560002 (India)"
364,40,12.9687688675,77.60168618,Ashok Nagar,"BTP099 - Cash Pharmacy, Residency Road",SCHOOL VEHICLE,0.25,0.0,0.575,0.1,"Field Marshal KM Cariappa Road, Prestige Towers, Richmond Town, Bengaluru, Karnataka. Pin-560025 (India)"
378,40,12.835722194999999,77.67911950749999,Electronic City,No Junction,SCOOTER,0.175,0.0,0.7,0.325,"Hosur Road, Columbia Aaltius, Electronic City, Bengaluru, Karnataka. Pin-560100 (India)"
379,40,13.004594674999998,77.593901905,R.T. Nagar,No Junction,CAR,0.725,0.0,0.15,0.075,"Jayamahal Main Road, Munireddypalya, JC Nagar, Bengaluru, Karnataka. Pin-560006 (India)"
332,36,13.019845261111112,77.5557197888889,Yeshwanthpura,No Junction,PASSENGER AUTO,0.3333333333333333,0.0,0.4166666666666667,0.16666666666666666,"Subedar Chatram Road, Yeshwanthapura Circle, Yeshwanthpur, Bengaluru, Karnataka. Pin-560022 (India)"
377,32,12.898027909375,77.634287925,Madiwala,No Junction,CAR,0.90625,0.0,0.09375,0.28125,"Hosur Road, Vajpayee Nagar, Garvebhavi Palya, Bengaluru, Karnataka. Pin-560068 (India)"
380,26,12.94217721923077,77.57264691538461,Basavanagudi,BTP109 - Dewan Madhava Rao Junction,CAR,0.19230769230769232,0.0,0.6153846153846154,0.5384615384615384,"Police Station Road, NR Kaveri Manor, Gandhi Bazar, Basavanagudi, Bengaluru, Karnataka. Pin-560004 (India)"
361,25,12.978825788,77.591908452,Cubbon Park,BTP047 - Vidhan Soudha Metro Station,SCOOTER,0.64,0.0,0.08,0.16,"Dr Ambedkar Road, Shanthaveri Gopalagowda Circle, Gandhi Nagar, Bengaluru, Karnataka. Pin-560001 (India)"
